"","cell","PAM16_Mut","PAM16_WT","NARS_Mut","NARS_WT","RUNX1_Mut","RUNX1_WT"
"1","AAACCCAGTGTGTTTG",0,0,0,0,0,0
"2","AAACGAACATCGGCCA",0,0,0,0,0,0
"3","AAACGCTCAGAAATCA",0,0,0,0,0,0
"4","AAACGCTTCGAAGAAT",0,0,0,0,0,0
"5","AAAGAACGTGCGTGCT",0,0,0,0,0,0
"6","AAAGGATCACGCCACA",0,0,0,0,0,0
"7","AAAGGATGTGGACAGT",0,0,0,1,0,0
"8","AAAGGGCTCAAGGAGC",0,0,0,0,0,0
"9","AAAGTCCAGACTCTTG",0,0,0,0,0,0
"10","AAAGTCCTCGTTACCC",0,0,0,0,0,0
"11","AAAGTGACATCAGCGC",0,0,0,0,0,0
"12","AAATGGAAGCATCTTG",0,0,0,0,0,0
"13","AACAAAGTCAAACGAA",0,0,0,0,0,0
"14","AACAACCAGGCGAAGG",0,0,0,0,0,0
"15","AACAACCAGGGATCAC",0,0,0,0,0,0
"16","AACAACCCATACGCAT",0,0,0,0,0,0
"17","AACAACCCATATTCGG",0,0,0,0,0,0
"18","AACAAGACATGTGGCC",0,0,0,0,0,0
"19","AACACACAGCTCGCAC",0,0,0,0,0,0
"20","AACACACGTTCTATCT",0,0,0,0,0,0
"21","AACACACGTTTAGTCG",0,0,0,0,0,0
"22","AACACACTCTCGCGTT",0,0,0,0,0,0
"23","AACAGGGAGGCCTGAA",0,0,0,0,0,0
"24","AACAGGGCACCCAAGC",0,0,0,0,0,0
"25","AACCAACAGTTCCGGC",0,0,0,0,0,0
"26","AACCAACGTTAAACCC",0,0,0,0,0,0
"27","AACCACAAGGGTCTTT",0,0,0,0,0,0
"28","AACCACAGTAGTTCCA",0,0,0,0,0,0
"29","AACCATGGTTAAGCAA",0,0,0,0,0,0
"30","AACCCAAGTGGTCCGT",0,0,0,0,0,0
"31","AACCCAAGTGTGGTCC",0,0,0,0,0,0
"32","AACCTGACATAACTCG",0,0,0,0,0,0
"33","AACCTGATCATCGGGC",0,0,0,0,0,0
"34","AACCTTTTCGCTTTAT",0,0,0,0,0,0
"35","AACGAAAAGGAAGTCC",0,0,0,0,0,0
"36","AACGGGACATGACAAA",0,0,0,0,0,1
"37","AACGTCACAGGCCTGT",0,0,0,0,0,0
"38","AACGTCACATAGTCGT",0,0,0,0,0,0
"39","AACTTCTCACACACTA",0,0,0,0,0,0
"40","AACTTCTGTGATGAAT",0,0,0,0,0,0
"41","AACTTCTGTTTGGGTT",3,0,0,0,0,0
"42","AACTTCTTCGCCGAGT",0,0,0,0,0,0
"43","AAGAACAAGCAACTTC",0,0,0,0,0,0
"44","AAGAACACATAGACTC",0,0,0,0,0,0
"45","AAGAACATCGGACTTA",0,0,0,0,0,0
"46","AAGACTCAGCTAGCCC",0,0,0,0,0,0
"47","AAGACTCAGGAACGAA",0,0,0,0,0,0
"48","AAGACTCAGGTGCATG",0,0,0,0,0,0
"49","AAGATAGCAACCGACC",0,6,0,0,0,0
"50","AAGATAGCAGAGGAAA",0,0,0,0,0,0
"51","AAGATAGTCGGCAGTC",0,0,0,0,0,0
"52","AAGCATCAGCCTCTTC",0,0,0,0,0,0
"53","AAGCATCCAATCGCGC",0,0,0,0,0,0
"54","AAGCATCCAGGCTCTG",3,0,0,0,0,0
"55","AAGCCATGTAGGCAGT",0,0,0,0,0,0
"56","AAGCGAGAGTCCCAAT",0,0,0,0,0,0
"57","AAGCGAGGTCTAGGCC",0,0,0,0,0,0
"58","AAGCGTTAGCCTTGAT",0,0,0,0,0,0
"59","AAGGAATCATCATTGG",0,0,0,0,0,0
"60","AAGGAATGTTAAGAAC",0,0,0,0,0,0
"61","AAGGAATTCTGGTTGA",0,0,0,0,0,0
"62","AAGGTAACAGCGATTT",0,0,0,0,0,0
"63","AAGGTAATCAACCTCC",0,0,0,0,0,0
"64","AAGTACCAGATGCTTC",0,0,0,0,0,0
"65","AAGTACCGTACGGCAA",0,0,0,0,0,0
"66","AAGTCGTCAGCGTTGC",0,0,0,0,0,0
"67","AAGTCGTGTGTGTGGA",0,0,0,0,0,0
"68","AAGTCGTTCCCATAGA",0,0,0,0,0,0
"69","AAGTCGTTCCGCACTT",0,0,0,0,0,0
"70","AAGTGAACATATACCG",0,0,0,0,0,0
"71","AAGTTCGAGATGCAGC",0,0,0,0,0,0
"72","AAGTTCGAGCAAGTGC",0,0,0,0,0,0
"73","AAGTTCGAGGACACTG",0,0,0,0,0,0
"74","AAGTTCGCAACAGTGG",0,2,0,0,0,0
"75","AAGTTCGGTTGCCAAT",0,0,0,0,0,0
"76","AATCACGTCACAATGC",0,0,0,0,0,0
"77","AATCGACAGATAACAC",0,0,0,0,0,0
"78","AATCGACCAGACCTAT",0,0,0,0,0,0
"79","AATCGACTCATAGGCT",0,0,0,0,0,0
"80","AATCGTGAGACTCGAG",0,0,0,0,0,0
"81","AATGAAGAGGTCCAGA",0,0,0,0,0,0
"82","AATGACCGTCGTGATT",0,0,0,1,0,0
"83","AATGCCACACTAGGCC",0,0,0,0,0,0
"84","AATGCCAGTAAGATTG",0,0,0,0,0,0
"85","AATGCCATCCTATGGA",0,0,0,0,0,0
"86","AATGGAAAGTACGAGC",0,0,0,0,0,0
"87","AATGGAATCACCGCTT",0,0,0,0,0,0
"88","AATTCCTCATCGTGCG",0,0,0,0,0,0
"89","AATTTCCAGCTTAGTC",0,0,0,0,0,0
"90","AATTTCCCATGTGGCC",0,0,0,0,0,0
"91","ACAACCAAGACAGCGT",0,0,0,0,0,0
"92","ACAACCAAGGCCTAAG",0,0,0,0,0,0
"93","ACAACCACAGCAGTTT",0,0,0,0,0,0
"94","ACAACCATCCATCTCG",0,0,0,0,0,0
"95","ACAAGCTCATGACACT",0,0,0,0,0,0
"96","ACACAGTCAACAGCCC",0,0,0,0,0,0
"97","ACACAGTCACCTCAGG",0,0,0,0,0,0
"98","ACACAGTGTTGTGCCG",0,0,0,0,0,0
"99","ACAGAAAAGATGGCGT",0,0,0,0,0,0
"100","ACAGAAAAGTGTACAA",0,0,0,0,0,0
"101","ACAGAAATCCGCACTT",0,0,0,0,0,0
"102","ACAGAAATCTTGGAAC",0,0,0,0,0,0
"103","ACAGCCGCAGCACAAG",0,0,0,0,0,0
"104","ACAGGGAAGTTAACAG",0,0,0,0,0,0
"105","ACATCCCCAATCTCGA",0,0,0,0,0,0
"106","ACATCCCGTCTCTCAC",0,0,0,0,0,0
"107","ACATCCCTCCCATTCG",0,0,0,0,0,0
"108","ACATCGAAGGCAGGTT",0,0,0,0,0,0
"109","ACATGCATCCACGGGT",0,0,0,0,0,0
"110","ACCAACATCTTCGTGC",0,0,0,0,0,0
"111","ACCACAAAGCGCACAA",0,0,0,0,0,0
"112","ACCACAACAAGAGCTG",0,0,0,0,0,0
"113","ACCACAAGTCGATGCC",0,0,0,0,0,0
"114","ACCATTTAGTAGTGCG",0,0,0,0,0,0
"115","ACCATTTGTGAGTTTC",0,0,0,0,0,0
"116","ACCATTTGTGCTATTG",0,0,0,0,0,0
"117","ACCATTTGTTATTCTC",0,0,0,0,0,0
"118","ACCCAAACATGCTGCG",0,0,0,0,0,0
"119","ACCGTTCTCTGGACTA",0,0,0,0,0,0
"120","ACCTGAAAGCTACAAA",0,0,0,0,0,0
"121","ACCTGAACACACCGAC",0,0,0,0,0,0
"122","ACCTGTCTCAAATGCC",0,0,0,0,0,0
"123","ACGATCACACGGCGTT",0,0,0,0,0,0
"124","ACGATCAGTGTGATGG",0,0,0,0,0,0
"125","ACGCACGAGCAGCAGT",0,0,0,0,0,0
"126","ACGCACGAGTTACGGG",0,0,0,0,0,0
"127","ACGCACGTCCAAGCAT",0,0,0,0,0,0
"128","ACGGAAGAGGTTAGTA",0,0,0,0,0,0
"129","ACGGAAGTCGAACCTA",0,0,0,0,0,0
"130","ACGGTCGGTACGGCAA",0,0,0,0,0,0
"131","ACGGTCGGTTAAACCC",0,0,0,0,0,0
"132","ACGGTTAAGGCATTTC",0,1,0,0,0,0
"133","ACGGTTAGTAAGGTCG",0,3,0,0,0,0
"134","ACGTAACAGAGTCTTC",0,0,0,0,0,0
"135","ACGTAACGTTGCTTGA",0,0,0,0,0,0
"136","ACGTAACTCACATCAG",0,0,0,0,0,0
"137","ACGTAACTCGAGCCTG",0,0,0,0,0,0
"138","ACGTAGTAGAGATCGC",0,0,0,0,0,0
"139","ACGTCCTAGACATCCT",0,0,0,0,0,0
"140","ACGTCCTCAAGCGAAC",0,0,0,0,0,0
"141","ACGTCCTTCCGCGGAT",0,0,0,0,0,0
"142","ACTACGAAGGTATTGA",0,0,0,0,0,0
"143","ACTACGACAATCCTAG",0,0,0,0,0,0
"144","ACTACGACACGTATAC",0,0,0,0,0,1
"145","ACTACGATCCTGCTAC",0,0,0,0,0,0
"146","ACTATCTTCATGAGAA",0,0,0,0,0,0
"147","ACTATCTTCCGATTAG",0,0,0,0,0,0
"148","ACTATTCTCGTGGAAG",0,0,0,0,0,0
"149","ACTCCCAAGGAGTACC",0,0,0,0,0,0
"150","ACTCTCGGTCCGGACT",0,0,0,0,0,0
"151","ACTGATGCAACTGATC",0,0,0,0,0,0
"152","ACTGATGGTTCCACAA",0,0,0,0,0,0
"153","ACTGATGTCACCTTAT",0,0,0,0,0,0
"154","ACTGATGTCAGCGGAA",0,0,0,0,0,0
"155","ACTGCAAGTCACCGCA",0,0,0,0,0,0
"156","ACTGCAAGTTGACGGA",0,0,0,0,0,0
"157","ACTGTCCAGCGAAACC",0,0,0,0,0,0
"158","ACTGTGACACTGTCCT",0,0,0,0,0,0
"159","ACTTAGGCAGCAGACA",0,0,0,0,0,0
"160","ACTTATCAGCACTCGC",0,0,0,0,0,0
"161","ACTTATCTCTGTTGGA",0,0,0,0,0,0
"162","ACTTCCGAGTTGAATG",0,0,0,0,0,0
"163","ACTTCCGCAGTCCCGA",0,0,0,0,0,0
"164","ACTTCCGTCATGCATG",0,0,0,0,0,0
"165","ACTTTCAAGGCATGCA",0,0,0,0,0,0
"166","ACTTTGTCAGACCAAG",0,0,0,0,0,0
"167","AGAAATGTCCGAAATC",0,0,0,0,0,0
"168","AGAACCTCACTTCATT",0,0,0,0,0,0
"169","AGAACCTCATAACGGG",0,0,0,0,0,0
"170","AGAAGTAGTGGAGGTT",0,0,0,0,0,0
"171","AGAAGTATCTATCGCC",0,0,0,0,0,0
"172","AGACAAACACTTGTCC",0,0,0,0,0,0
"173","AGACAAACAGCACAGA",0,0,0,0,0,0
"174","AGACACTAGCGTATAA",0,0,0,0,0,0
"175","AGACACTAGTCAACAA",0,0,0,0,0,0
"176","AGACACTAGTCCCTAA",0,0,0,0,0,0
"177","AGACAGGCATACATCG",0,0,0,0,0,0
"178","AGACCATCAGTGGGTA",0,0,0,0,0,0
"179","AGACCATGTAGCGTCC",0,0,0,0,0,0
"180","AGACCATGTGTGACCC",0,0,0,0,0,0
"181","AGACCCGTCAGCTTCC",0,2,0,0,0,0
"182","AGACTCATCAGTGTGT",0,0,0,0,0,0
"183","AGACTCATCGGTCACG",0,0,0,0,0,0
"184","AGAGAATAGTGGACTG",0,0,0,0,0,0
"185","AGAGAATTCGACACTA",0,0,0,0,0,0
"186","AGAGAGCAGACCATTC",0,0,0,0,0,0
"187","AGAGCAGAGTGCTAGG",0,0,0,0,0,0
"188","AGATAGAAGATCCTAC",0,0,0,0,0,0
"189","AGATAGAGTCCTTGTC",0,0,0,0,0,0
"190","AGATCCAAGAAGTCAT",0,0,0,0,0,0
"191","AGATCCACACCCTAAA",0,0,0,0,0,0
"192","AGATCCACAGTGGTGA",0,0,0,0,0,0
"193","AGATCGTCACCGTGAC",0,0,0,0,0,0
"194","AGATCGTCATCCGGTG",0,0,0,0,0,0
"195","AGATCGTTCGATACGT",0,0,0,0,0,0
"196","AGATGAACACCTGCGA",0,0,0,0,0,0
"197","AGATGAAGTCGAGATG",0,0,0,0,0,0
"198","AGATGCTGTAGAGATT",0,0,0,0,0,0
"199","AGCATCAAGCTCCCTT",0,0,0,0,0,0
"200","AGCCAATCATTGACCA",0,0,0,0,0,0
"201","AGCCAATTCATAGACC",0,0,0,0,0,0
"202","AGCCACGAGTAAATGC",0,0,0,0,0,0
"203","AGCCACGCACTCAGAT",0,0,0,0,0,0
"204","AGCCACGTCGGAGATG",0,0,0,0,0,0
"205","AGCCAGCAGGCGAACT",0,0,0,0,0,0
"206","AGCCAGCCACTCAGAT",0,0,0,0,0,0
"207","AGCCAGCGTGACTATC",0,0,0,0,0,0
"208","AGCGATTAGGTGAGCT",0,0,0,0,0,0
"209","AGCGATTCACGTAGTT",0,0,0,0,0,0
"210","AGCGATTGTTCGAAGG",0,0,0,0,0,0
"211","AGCGCCAAGCCTGAAG",0,0,0,0,0,0
"212","AGCGCCAGTCGCATCG",0,0,0,0,0,0
"213","AGCGCCATCAGCGCAC",0,0,0,0,0,0
"214","AGCGCTGAGCCATCCG",0,0,0,0,0,0
"215","AGCGCTGAGCCTCAAT",0,0,0,0,0,0
"216","AGCGCTGCACAAGGTG",0,0,0,0,0,0
"217","AGCGCTGGTGAGGCAT",0,0,0,0,0,0
"218","AGCGCTGTCCTGTACC",0,0,0,0,0,0
"219","AGCGTCGCAATAACGA",0,0,1,0,0,0
"220","AGCTACATCATGAGAA",0,0,0,0,0,0
"221","AGCTCAAAGGTTCCGC",0,0,0,0,0,0
"222","AGCTCAATCGGCATCG",0,0,0,0,0,0
"223","AGCTTCCAGATGCCGA",0,0,0,0,0,0
"224","AGCTTCCAGCAGCAGT",0,0,0,0,0,0
"225","AGGAATACACACAGAG",0,0,0,0,0,0
"226","AGGACGAAGTGGCCTC",0,0,0,0,0,0
"227","AGGACGATCAGCGCGT",0,0,0,0,0,0
"228","AGGACTTAGAGCGACT",0,0,0,0,0,0
"229","AGGACTTCATGAATAG",0,0,0,0,0,0
"230","AGGACTTTCAGCAATC",0,0,0,0,0,0
"231","AGGAGGTCACTTGTGA",0,0,0,0,0,0
"232","AGGAGGTGTGACATCT",0,0,0,0,0,0
"233","AGGATAAAGCCACCGT",0,0,0,0,0,0
"234","AGGATCTCATTCGATG",0,0,0,0,0,0
"235","AGGATCTGTTAGAAAC",0,0,0,0,0,0
"236","AGGCCACAGGAACGCT",0,0,0,0,0,0
"237","AGGCCACCAAACCGGA",0,0,0,0,0,0
"238","AGGCCACCACGAGAAC",0,0,0,0,0,0
"239","AGGCCACTCAAACTGC",0,0,0,0,0,0
"240","AGGCCACTCGCTATTT",0,0,0,0,0,0
"241","AGGCTGCGTGCCTGCA",0,0,0,2,0,0
"242","AGGCTGCTCACGTAGT",0,0,0,0,0,0
"243","AGGGAGTCATGTACGT",0,0,0,0,0,0
"244","AGGGCCTAGTCGAATA",0,5,0,0,0,0
"245","AGGGCCTAGTGGTTGG",0,0,0,0,0,0
"246","AGGGCTCAGCACAAAT",0,0,0,0,0,0
"247","AGGGTCCCAAAGGATT",0,0,0,0,0,0
"248","AGGGTGATCTTTCAGT",0,0,0,1,0,0
"249","AGGGTTTCATCCCACT",0,0,0,0,0,0
"250","AGGTAGGCAGTGCCTG",0,0,0,0,0,0
"251","AGGTAGGCATCGATGT",0,0,0,0,0,0
"252","AGGTAGGGTGATGAAT",0,0,0,0,0,0
"253","AGGTAGGGTGGTGATG",0,0,0,0,0,0
"254","AGGTCATTCGAACACT",0,0,0,0,0,0
"255","AGGTCTAAGACGTCCC",0,0,0,0,0,0
"256","AGGTTACAGTTTGAGA",0,0,0,0,0,0
"257","AGGTTACTCTCCTGTG",0,0,0,0,0,0
"258","AGGTTGTAGAATCCCT",0,0,0,0,0,0
"259","AGGTTGTCAGCGGATA",3,0,0,0,0,0
"260","AGTAACCAGACGGAAA",0,0,0,0,0,0
"261","AGTAACCGTATGAGGC",0,0,0,0,0,0
"262","AGTAACCGTCACGCTG",0,0,0,0,0,1
"263","AGTAACCGTTGGCCGT",0,0,0,0,0,0
"264","AGTACCAAGGGAGGCA",0,0,0,0,0,0
"265","AGTACTGAGGGACCAT",0,0,0,0,0,0
"266","AGTACTGTCACCCTGT",0,0,0,0,0,0
"267","AGTAGCTAGACGCCCT",0,0,0,0,0,0
"268","AGTAGCTAGCGTTCCG",0,0,0,0,0,0
"269","AGTAGCTTCATCACTT",0,0,0,0,0,0
"270","AGTAGCTTCGTTCCTG",0,0,0,0,0,0
"271","AGTAGTCCAAGTGCAG",0,0,0,0,0,1
"272","AGTAGTCCAGCCTTCT",0,2,0,0,0,0
"273","AGTCAACCACAGCTTA",0,0,0,0,0,0
"274","AGTCAACCATGGCTGC",0,0,0,0,0,0
"275","AGTCACAAGCTCCACG",0,0,0,0,0,0
"276","AGTCACACACCAGGTC",0,0,0,0,0,0
"277","AGTCACATCCTGGGAC",0,0,0,0,0,0
"278","AGTCACATCGGCATAT",0,0,0,0,0,0
"279","AGTCATGTCTGAGAAA",2,4,0,0,0,0
"280","AGTCTCCAGTCCGCGT",0,0,0,0,0,0
"281","AGTCTCCTCTGGGTCG",0,0,0,0,0,0
"282","AGTGACTTCGACCATA",0,0,0,0,0,0
"283","AGTGATCCAAGGGCAT",0,0,0,0,0,0
"284","AGTGATCCAGCACAAG",0,0,0,0,0,0
"285","AGTGCCGAGCACAAAT",0,0,0,0,0,0
"286","AGTGCCGAGTAAATGC",0,0,0,0,0,0
"287","AGTGTTGGTCTGATCA",0,0,0,0,0,0
"288","AGTGTTGGTTTCCCAC",0,0,0,0,0,0
"289","AGTTCCCGTCTTGGTA",0,0,0,0,0,0
"290","AGTTCGAAGTTAGTGA",0,0,0,0,0,0
"291","ATACTTCAGACCAAGC",0,0,0,0,0,0
"292","ATACTTCGTACCGTGC",0,0,0,0,0,0
"293","ATAGACCCACGCGCAT",0,0,0,0,0,0
"294","ATAGACCTCAGCCTCT",0,0,0,0,0,0
"295","ATAGAGAGTCCTCAGG",0,0,0,0,0,0
"296","ATAGGCTGTCGTTGCG",0,0,0,0,0,0
"297","ATATCCTGTACTTGTG",0,0,0,0,0,0
"298","ATATCCTGTCACCACG",0,0,0,0,0,0
"299","ATCACAGAGGGTGAAA",0,0,0,0,0,0
"300","ATCAGGTTCTGCATAG",0,0,0,0,0,0
"301","ATCATTCAGGGTACGT",0,0,0,0,0,0
"302","ATCATTCCAGAGTTGG",0,0,0,0,0,0
"303","ATCCACCAGCCAAGCA",0,0,0,0,0,0
"304","ATCCACCAGTAGTGCG",0,0,0,0,0,0
"305","ATCCACCCACAAGGTG",0,0,0,0,0,0
"306","ATCCACCCACGCGCTA",0,0,0,0,0,0
"307","ATCCACCGTTTACGTG",0,0,0,0,0,0
"308","ATCCATTCACAAATAG",4,3,0,0,0,0
"309","ATCCATTGTAGACAAT",0,0,0,0,0,0
"310","ATCCATTTCTACGGGC",0,0,0,0,0,0
"311","ATCCGTCAGTATGAGT",0,0,0,0,0,0
"312","ATCCTATCAAGAAATC",0,0,0,0,0,0
"313","ATCGCCTAGGGTATAT",0,0,1,0,0,0
"314","ATCGCCTGTCGCAACC",0,0,0,0,0,0
"315","ATCGGATCAATTGCAC",0,0,0,0,0,0
"316","ATCGGATTCAAACGTC",0,6,0,0,0,0
"317","ATCGGCGCAACGGCCT",0,0,0,0,0,0
"318","ATCGTGACAGAGAGGG",0,0,0,0,0,0
"319","ATCTCTACAGTAGATA",0,0,0,0,0,0
"320","ATCTCTAGTGTGTACT",0,0,0,0,0,0
"321","ATGAAAGAGTATGAGT",0,0,0,0,0,0
"322","ATGACCAAGACCAGCA",0,0,0,0,0,0
"323","ATGACCACATGTGGTT",0,0,0,0,0,0
"324","ATGAGGGAGTTCTCTT",0,0,0,0,0,0
"325","ATGAGGGCAGGCTCTG",0,0,0,0,0,0
"326","ATGAGGGGTCGGATTT",0,0,0,0,0,0
"327","ATGAGTCTCTTTGATC",0,0,0,0,0,0
"328","ATGCATGCAGACCATT",0,0,0,0,0,0
"329","ATGCATGGTCCAGAAG",0,0,0,0,0,0
"330","ATGCATGTCGCCGTGA",0,0,0,0,0,0
"331","ATGCCTCCACCGCTAG",0,0,0,0,0,0
"332","ATGCCTCCAGAAACCG",0,0,0,0,0,0
"333","ATGCCTCGTAGGCAAC",0,0,0,0,0,0
"334","ATGCGATCATTGTGCA",0,0,0,0,0,0
"335","ATGCGATGTGTTGATC",0,0,0,0,0,0
"336","ATGGAGGGTGACAGCA",0,0,0,0,0,0
"337","ATGGAGGGTTGCTAGT",0,0,0,0,0,0
"338","ATGGAGGTCTTAGCAG",0,0,0,0,0,0
"339","ATGGATCCACGTCATA",0,0,0,0,0,0
"340","ATGGATCGTCTGCAAT",0,0,0,0,0,0
"341","ATGGGAGTCACCCTCA",0,0,0,0,0,0
"342","ATGGGTTCAAGAATAC",0,0,0,0,0,0
"343","ATGGGTTTCCATTGCC",0,0,0,0,0,0
"344","ATGGTTGGTAGCGTCC",0,2,0,0,0,0
"345","ATGTCCCCACGCGCAT",2,0,0,0,0,0
"346","ATGTCCCCAGAATCGG",0,0,0,0,0,0
"347","ATTACCTCACTCAAGT",0,0,0,0,0,0
"348","ATTACCTTCCTTGGAA",0,0,0,0,0,0
"349","ATTACTCTCGGCTATA",0,0,0,0,0,0
"350","ATTATCCAGGTCATTC",0,0,0,0,0,0
"351","ATTATCCGTATCGAAA",0,0,0,0,0,0
"352","ATTCAGGAGGACAAGA",0,0,0,0,0,0
"353","ATTCCATCATCCGTTC",0,0,0,0,0,0
"354","ATTCCATTCTGACAGT",0,0,0,0,0,0
"355","ATTCCCGCACCTCTGT",0,0,0,0,0,0
"356","ATTCCCGCATTCACAG",0,0,0,0,0,0
"357","ATTCCCGTCAAGATAG",0,0,0,0,0,0
"358","ATTCCTATCACGAGGA",0,0,0,0,0,0
"359","ATTCGTTCACACACTA",0,0,0,0,0,0
"360","ATTCGTTTCCGCCTAT",0,0,0,0,0,0
"361","ATTCGTTTCTGTCAGA",0,0,0,0,0,0
"362","ATTCTACCAGCGACAA",0,0,0,0,0,0
"363","ATTCTACTCACTGCTC",0,1,0,0,0,0
"364","ATTCTTGAGGCTGTAG",0,0,0,0,0,0
"365","ATTCTTGGTGATCATC",0,0,0,0,0,0
"366","ATTGGGTGTCCAGTTA",0,0,0,0,0,0
"367","ATTGGGTTCACTACGA",0,0,0,0,0,0
"368","ATTGTTCAGACTAGAT",0,0,0,0,0,0
"369","ATTGTTCTCCGTGTAA",0,0,0,0,0,0
"370","ATTTACCAGGCGATAC",0,0,0,0,0,0
"371","ATTTACCTCCTATTGT",0,0,0,0,0,0
"372","ATTTCACAGGTCCAGA",0,0,0,0,0,0
"373","ATTTCACTCTCCGAAA",0,0,0,0,0,0
"374","ATTTCACTCTTCGTAT",0,0,0,0,0,0
"375","ATTTCTGCAACCGCTG",0,0,0,0,0,0
"376","CAAAGAACATGCACTA",0,0,0,0,0,0
"377","CAAAGAAGTAGTGTGG",0,0,0,0,0,0
"378","CAAAGAAGTGACACAG",0,0,0,0,0,0
"379","CAAAGAATCCATTCGC",0,0,0,0,0,0
"380","CAACAACAGCGATGAC",0,0,0,0,0,0
"381","CAACAACCAGAACCGA",0,0,0,0,0,0
"382","CAACAACTCCACACCT",0,0,0,0,0,0
"383","CAACAACTCTGCCTGT",0,0,0,0,0,0
"384","CAACCAACATCTCATT",0,0,0,0,0,0
"385","CAACCTCAGATGCGAC",0,0,0,0,0,0
"386","CAACCTCCATACATCG",0,0,0,0,0,0
"387","CAACCTCTCCATTGCC",0,0,0,0,0,0
"388","CAACGGCTCGGCTGGT",0,0,0,0,0,0
"389","CAAGACTCAGCAAGAC",0,0,0,0,0,0
"390","CAAGAGGCAGGAGGAG",0,0,0,0,0,0
"391","CAAGCTACATGTGCTA",0,0,0,0,0,0
"392","CAAGGGAAGAGAGGTA",0,0,0,0,0,0
"393","CAAGGGACAGGATGAC",0,0,0,0,0,0
"394","CAATACGGTCTTGAGT",0,0,0,0,0,0
"395","CAATCGACATCCAATG",0,0,0,0,0,0
"396","CAATCGATCCTCTCTT",0,0,0,0,0,0
"397","CAATCGATCGTGTGGC",2,1,0,0,1,0
"398","CACAACAAGATAGCAT",0,2,0,0,0,0
"399","CACAACACAGTATGAA",0,0,0,0,0,0
"400","CACACAAAGAGAGAAC",1,0,0,0,0,0
"401","CACACAATCGAGAACG",0,0,0,0,0,0
"402","CACAGATAGTGGTTAA",0,0,0,0,0,0
"403","CACAGATCAATGTCAC",0,0,0,0,0,0
"404","CACATGATCCTCGATC",0,0,0,0,0,0
"405","CACCAAATCTTGCAAG",0,0,0,0,0,0
"406","CACCGTTGTGCTCTCT",0,0,0,0,0,0
"407","CACCGTTTCAAGAATG",0,0,0,0,0,0
"408","CACGAATAGAACCCGA",0,0,0,0,0,0
"409","CACGTGGTCTTGGCTC",0,0,0,0,0,0
"410","CACGTTCTCCCTAGGG",0,0,0,0,0,0
"411","CACTAAGCACCCAATA",0,0,0,0,0,0
"412","CACTGAAGTATTCTCT",0,0,0,0,0,0
"413","CACTGGGGTTTGGAAA",0,0,0,0,0,0
"414","CACTGTCAGCCTGAGA",0,0,0,0,0,0
"415","CACTGTCAGTACAACA",0,0,0,0,0,0
"416","CACTGTCAGTAGTCCT",0,0,0,0,0,0
"417","CACTGTCCATACCGTA",0,0,0,0,0,0
"418","CACTGTCGTACCCGAC",0,0,0,0,0,0
"419","CACTGTCGTATCCTCC",0,0,0,0,0,0
"420","CACTGTCTCTTAGGAC",0,0,0,0,0,0
"421","CACTGTCTCTTCTGGC",0,0,0,0,0,0
"422","CACTTCGGTGGTCAAG",0,0,0,0,0,0
"423","CAGAGCCCACCTCAGG",0,0,0,0,0,0
"424","CAGAGCCGTCCTGTCT",0,0,0,0,0,0
"425","CAGAGCCTCTAGTCAG",0,0,0,0,0,0
"426","CAGATACAGCATGGGT",0,0,0,0,0,0
"427","CAGATACAGCTGGCTC",0,0,0,0,0,0
"428","CAGATACCACCGGCTA",0,0,0,0,0,0
"429","CAGATCAAGTATGCAA",0,0,0,0,0,0
"430","CAGATCACAGCACGAA",0,0,0,0,0,0
"431","CAGATTGAGGCCTAAG",1,0,0,0,0,0
"432","CAGATTGTCACCACAA",0,0,0,0,0,0
"433","CAGCACGGTGACAGGT",0,0,0,0,0,0
"434","CAGCAGCTCATGGTAC",0,0,0,0,0,0
"435","CAGCAGCTCCGGCAGT",0,0,0,0,0,0
"436","CAGCAGCTCGGCTTCT",0,0,0,0,0,0
"437","CAGGCCAAGAGCACTG",0,0,0,0,0,0
"438","CAGGCCAGTGATAGAT",0,0,0,0,0,0
"439","CAGGGCTAGTCGGGAT",0,0,0,0,0,0
"440","CAGGGCTCACGTATAC",0,0,0,0,0,0
"441","CAGGGCTGTATGGGAC",0,0,0,0,0,0
"442","CAGGTATCACACAGCC",0,0,0,0,0,0
"443","CAGTTAGAGATCGACG",0,0,0,0,0,0
"444","CAGTTAGGTCACGCTG",0,0,0,0,0,0
"445","CATAAGCAGTCTCTGA",0,0,0,0,0,0
"446","CATAGACAGTTGGCTT",0,0,0,0,0,0
"447","CATAGACCAGCACACC",0,0,0,0,0,0
"448","CATAGACTCCCTCATG",0,0,0,0,0,0
"449","CATCCACCATCGCCTT",0,0,0,0,0,0
"450","CATCCCAGTGCCCAGT",0,0,0,0,0,0
"451","CATCCGTGTTCGGTTA",0,0,0,0,0,0
"452","CATCGCTCACAATCTG",0,0,0,0,0,0
"453","CATCGGGTCACAAGGG",0,0,0,0,0,0
"454","CATGAGTTCTCACGAA",0,0,0,0,0,0
"455","CATGCAAGTTTGGGTT",0,0,0,0,0,0
"456","CATGCGGCACCGTGGT",0,0,0,0,0,0
"457","CATGCTCAGCAACAGC",0,0,0,0,0,0
"458","CATGCTCCACCGCTGA",0,0,0,0,0,0
"459","CATGCTCCAGTACTAC",0,0,0,0,0,0
"460","CATGCTCTCAAGAGGC",0,0,0,0,0,0
"461","CATGGTAAGATTGATG",0,0,0,0,0,0
"462","CATGGTAGTGCGGTAA",0,0,0,0,0,0
"463","CATTCCGAGGGTTAAT",0,0,0,0,0,0
"464","CATTCCGCAAATGCTC",0,0,0,0,0,0
"465","CATTCCGTCAACGAGG",0,0,0,0,0,0
"466","CATTCCGTCGACGCGT",0,0,0,0,0,0
"467","CATTGCCAGTTGTCGT",0,0,0,0,0,0
"468","CATTGCCCAGTGAGCA",0,0,0,0,0,0
"469","CATTGTTGTGCTGCAC",0,0,0,0,0,0
"470","CATTGTTGTTTCGTTT",0,0,0,0,0,0
"471","CATTTCACACTGCATA",0,0,0,0,0,0
"472","CCAATGACAGAGGTTG",0,0,0,0,0,0
"473","CCAATGAGTCGCTTAA",0,0,0,0,0,0
"474","CCAATTTAGACATACA",0,0,0,0,0,0
"475","CCACAAACACCTTCCA",0,0,0,0,0,0
"476","CCACAAAGTATCGTGT",0,0,0,0,0,0
"477","CCACAAAGTGAATTGA",0,0,0,0,0,0
"478","CCACACTCAGTCGGTC",0,0,0,0,0,0
"479","CCACGAGCAAATAAGC",0,1,0,0,0,0
"480","CCACGTTCACTGAGTT",0,0,0,0,0,0
"481","CCACGTTCAGGTTCAT",0,0,0,0,0,0
"482","CCACGTTGTTGTAAAG",0,0,0,0,0,0
"483","CCACTTGAGGGTGAAA",0,0,0,0,0,0
"484","CCATAAGTCCATCAGA",0,0,0,0,0,0
"485","CCCAACTAGAAGTCTA",0,0,0,0,0,0
"486","CCCATTGGTAGATTGA",0,0,0,0,0,0
"487","CCCGAAGAGGTCCCGT",0,0,0,0,0,0
"488","CCCGGAACACGTACTA",0,0,0,0,0,0
"489","CCCGGAAGTTATCCAG",1,0,0,1,0,0
"490","CCCTAACCAAGCAGGT",0,0,0,0,0,0
"491","CCCTAACGTACAATAG",0,0,0,0,0,0
"492","CCCTCAACACAGACGA",0,0,0,0,0,0
"493","CCCTCAATCGTAGCCG",0,0,0,0,0,0
"494","CCCTCTCCAGGATCTT",0,0,0,0,0,0
"495","CCCTCTCCATGCCGCA",0,0,0,0,0,0
"496","CCCTGATAGAATCGTA",0,0,0,0,0,0
"497","CCCTGATCAGCGGTCT",0,0,0,0,0,0
"498","CCCTGATCAGTGTACT",0,0,0,0,0,0
"499","CCCTTAGTCTGATTCT",0,0,0,0,0,0
"500","CCGATCTCACGTCTCT",0,0,0,0,0,0
"501","CCGATGGGTGGTAACG",0,0,0,0,0,0
"502","CCGCAAGCACGTAGTT",0,0,0,0,0,0
"503","CCGCAAGGTACTGAGG",0,0,0,0,0,0
"504","CCGCAAGTCTCGGCTT",0,0,0,0,0,0
"505","CCGGACAGTCGCCACA",0,0,0,0,0,0
"506","CCGGGTAGTTCCGCAG",0,0,0,0,0,0
"507","CCGGTAGTCTATTGTC",0,0,0,0,0,0
"508","CCGGTGAAGCGGCTCT",0,0,0,0,0,0
"509","CCGGTGACAACTCATG",4,1,0,0,0,0
"510","CCGGTGACACCAGCGT",0,0,0,0,0,0
"511","CCGGTGACATCCGTTC",0,0,0,0,0,0
"512","CCGGTGAGTATAATGG",0,0,0,0,0,0
"513","CCGGTGAGTTGGAGAC",0,3,1,1,0,0
"514","CCGTAGGAGACTACCT",0,0,0,0,0,0
"515","CCGTAGGAGTTGCGAG",0,0,0,0,0,0
"516","CCGTGAGGTTAAGCAA",0,0,0,0,0,0
"517","CCGTTCAGTGTACGCC",0,0,0,0,0,0
"518","CCGTTCATCACCCTCA",0,0,0,0,0,0
"519","CCTAACCGTCCATAGT",0,0,0,0,0,0
"520","CCTAAGAAGTCACGCC",0,0,0,0,0,0
"521","CCTAAGACACTACAGT",0,0,0,0,0,0
"522","CCTACGTCATCGTGGC",0,0,0,0,0,0
"523","CCTACGTGTTTACTGG",0,0,0,0,0,0
"524","CCTATCGAGATTCGCT",0,0,0,0,0,0
"525","CCTATCGAGTTTAGGA",0,0,0,0,0,0
"526","CCTATCGCAGTCGGAA",0,0,0,0,0,0
"527","CCTCACACATCAACCA",0,0,0,0,0,0
"528","CCTCACAGTGGCAGAT",0,0,0,0,0,0
"529","CCTCACATCGCAAGAG",0,0,0,0,0,0
"530","CCTCAGTAGAATTGTG",1,2,0,0,0,0
"531","CCTCAGTAGTTTCGGT",0,0,0,0,1,0
"532","CCTCATGTCATCCTGC",0,0,0,0,0,0
"533","CCTCATGTCCAAGCAT",0,2,0,0,0,0
"534","CCTCATGTCCGGACTG",0,0,0,0,0,0
"535","CCTCCAACAAAGACTA",4,1,0,0,1,0
"536","CCTCCAACAATAGAGT",0,0,0,0,0,0
"537","CCTCCTCCACTCCTTG",0,0,0,0,0,0
"538","CCTCCTCCAGAGATGC",0,0,0,0,0,0
"539","CCTCTCCCAGCGTTGC",0,0,0,0,0,0
"540","CCTGCATGTCACTACA",0,0,0,0,0,0
"541","CCTGCATTCTAGTTCT",0,0,0,0,0,0
"542","CCTGTTGCATTGTCGA",1,2,1,0,0,0
"543","CCTTCAGAGGAGCTGT",0,0,0,0,0,0
"544","CCTTTGGAGCCTGTCG",0,0,0,0,0,0
"545","CCTTTGGAGGAACGTC",0,0,0,0,0,0
"546","CCTTTGGAGTTAACAG",0,0,0,0,0,0
"547","CGAAGGAAGTTGGAGC",0,0,0,0,0,0
"548","CGAAGGATCACAAGAA",0,0,0,0,0,0
"549","CGAATTGCAATCAGCT",0,0,0,0,0,0
"550","CGACAGCGTGCGGCTT",0,0,0,0,0,0
"551","CGAGAAGAGGTTGGTG",0,0,0,0,0,0
"552","CGAGAAGAGTTGCGAG",0,0,0,0,0,0
"553","CGAGAAGCATGTGCCG",0,0,0,0,0,0
"554","CGAGGAAGTTTCGGCG",0,0,0,0,0,0
"555","CGAGGAATCTATCGGA",0,0,0,0,0,0
"556","CGAGGCTAGAGGACTC",0,0,0,0,0,0
"557","CGAGGCTAGTCCCGGT",0,3,0,0,0,0
"558","CGAGGCTCATGGAAGC",0,0,0,0,0,0
"559","CGAGGCTCATTCTCCG",2,0,0,0,0,0
"560","CGAGTGCTCTCGCTCA",0,0,0,0,0,0
"561","CGAGTTAAGTCCTGCG",0,0,0,0,0,0
"562","CGAGTTAGTCTTACAG",0,0,0,0,0,0
"563","CGAGTTATCGACGCGT",0,0,0,0,0,0
"564","CGATCGGAGCAACCAG",0,0,0,0,0,0
"565","CGATGGCCACGAGGAT",0,0,0,0,0,0
"566","CGCATAAAGCTGAGCA",0,0,0,0,0,0
"567","CGCATAAAGGGACCAT",0,0,0,0,0,0
"568","CGCCAGACATGTGCTA",0,0,0,0,0,0
"569","CGCCATTCAACATACC",0,0,0,0,0,0
"570","CGCCATTCACCGCTGA",0,0,0,0,0,0
"571","CGCGTGACAGAGGACT",0,0,0,0,0,0
"572","CGCGTGACATTCGGGC",0,0,0,0,0,0
"573","CGGAACCGTTACACAC",0,0,0,0,0,0
"574","CGGACACCAATAGGAT",0,0,0,0,0,0
"575","CGGACACGTGTAGGAC",0,0,0,0,0,0
"576","CGGACACTCCGATGCG",0,0,0,0,0,0
"577","CGGAGAAAGGGTTTCT",0,0,0,0,0,0
"578","CGGGACTGTAACACCT",0,0,0,0,0,0
"579","CGGGACTGTATTTCGG",0,0,1,0,0,0
"580","CGGGCATAGTGCTACT",0,0,0,0,0,0
"581","CGGGTCAAGATGCTTC",0,0,0,0,0,0
"582","CGGGTGTCACACGGAA",0,0,0,0,0,0
"583","CGGTCAGCAGCAGTCC",0,0,0,0,0,0
"584","CGGTCAGTCCAACTAG",0,0,0,0,0,0
"585","CGTAAGTAGCTACTAC",0,0,0,0,0,0
"586","CGTAATGAGATACAGT",0,0,0,0,0,0
"587","CGTAATGCATATACCG",0,0,0,0,0,0
"588","CGTCAAACACTTCAAG",0,0,0,0,0,0
"589","CGTCCATTCGCTCCTA",0,0,0,0,0,0
"590","CGTGAATGTACAGTCT",0,0,0,0,0,0
"591","CGTGCTTCAGGAAGTC",0,0,0,0,0,0
"592","CGTGTCTCACCCGTAG",0,0,0,0,0,0
"593","CGTGTCTTCACTACGA",0,0,0,0,0,0
"594","CGTGTCTTCCGATGTA",0,0,0,0,0,0
"595","CGTTAGAGTGTCGCTG",0,0,0,0,0,0
"596","CGTTCTGAGAGTGACC",0,0,0,0,0,0
"597","CGTTCTGAGTTTGAGA",0,0,0,0,0,0
"598","CGTTCTGTCGGTGTTA",0,0,0,0,0,0
"599","CGTTGGGGTCACTAGT",0,0,0,0,0,0
"600","CGTTGGGTCATGGATC",0,0,0,0,0,0
"601","CTAACCCAGCGCCTCA",0,0,0,0,0,0
"602","CTAACTTTCTTTGATC",0,0,0,0,0,0
"603","CTACCTGAGTCCCAGC",0,0,0,0,0,0
"604","CTACCTGCATCTCCCA",0,0,0,0,0,0
"605","CTACCTGCATGACACT",0,0,0,0,0,0
"606","CTACCTGGTTAATCGC",0,0,0,0,0,0
"607","CTACGGGCACGGAAGT",0,0,0,0,0,0
"608","CTACGGGGTTGCTGAT",0,0,0,0,0,0
"609","CTAGACACAGCGGATA",0,0,0,0,0,0
"610","CTAGGTAAGGTGATAT",0,0,0,0,0,0
"611","CTAGGTACACCTCTGT",0,0,0,0,0,0
"612","CTAGGTATCCGCAACG",0,0,0,0,0,0
"613","CTAGGTATCCGTTTCG",0,0,0,0,0,0
"614","CTATAGGTCGGTGAAG",3,0,0,0,0,0
"615","CTATCCGCAGGCAATG",0,0,0,0,0,0
"616","CTATCCGGTCCAGTTA",0,0,0,0,0,0
"617","CTATCCGTCGACATCA",0,0,0,0,0,0
"618","CTATCTAAGCCTCAGC",0,0,0,0,0,0
"619","CTATCTACAGATCACT",1,0,0,0,0,0
"620","CTCAACCGTCCAGAAG",0,0,0,0,0,0
"621","CTCAAGAGTTTCACAG",0,0,0,0,0,0
"622","CTCAAGATCGTCAGAT",0,0,0,0,0,0
"623","CTCAATTAGAGCATCG",0,0,0,0,0,0
"624","CTCACTGCATAGGCGA",0,0,0,0,0,0
"625","CTCACTGGTGACCTGC",0,0,0,0,0,0
"626","CTCAGAAAGGACTGGT",0,0,0,0,0,0
"627","CTCAGAACAAATACGA",0,0,0,0,0,0
"628","CTCAGAATCGTCGGGT",0,0,0,0,0,0
"629","CTCAGGGAGGCTAGCA",0,0,0,0,0,0
"630","CTCAGGGCAACCGGAA",0,0,0,0,0,0
"631","CTCAGGGGTTCTCTAT",0,0,0,0,0,0
"632","CTCAGTCGTCAGACGA",0,0,0,0,0,0
"633","CTCATGCAGTGTTGTC",0,0,0,0,0,0
"634","CTCATGCTCGCTTACC",0,0,0,0,0,0
"635","CTCATTAGTCTAGGCC",0,0,0,0,0,0
"636","CTCATTAGTGATTCTG",0,0,0,0,0,0
"637","CTCCAACTCGCTACAA",0,0,0,0,0,0
"638","CTCCACACACATGTTG",0,0,0,0,0,0
"639","CTCCACATCAGCAATC",0,0,0,0,0,0
"640","CTCCCAACAGTAACCT",0,0,0,0,0,0
"641","CTCCCAATCGAGAGAC",0,0,0,0,0,0
"642","CTCCGATTCCGTACGG",0,0,0,0,0,0
"643","CTCCTTTCAGAATCGG",0,0,0,0,0,0
"644","CTCCTTTTCAGTGCGC",0,0,0,0,0,0
"645","CTCCTTTTCCACGAAT",0,0,0,0,0,0
"646","CTCGAGGAGCAACAAT",0,0,0,0,0,0
"647","CTCGAGGAGGCACTAG",0,0,0,0,0,0
"648","CTCTCGAGTTATGGTC",0,0,0,0,0,0
"649","CTCTCGATCGCATTGA",0,0,0,0,0,0
"650","CTCTGGTAGGACGCAT",0,0,0,0,0,0
"651","CTGAATGAGTTCCATG",0,0,0,0,0,0
"652","CTGAATGCATGCGGTC",0,0,0,0,0,0
"653","CTGAATGTCTACTTCA",0,0,0,0,0,0
"654","CTGAATGTCTCAATCT",0,0,0,0,0,0
"655","CTGAGCGAGAGAGGGC",0,0,0,0,0,0
"656","CTGAGCGAGAGTCTGG",0,0,0,0,0,0
"657","CTGAGGCCATGTCTAG",0,0,0,0,0,0
"658","CTGAGGCTCCGAGTGC",0,0,0,0,0,0
"659","CTGATCCCATACAGAA",0,0,0,0,0,0
"660","CTGATCCGTTTGAAAG",0,0,0,0,0,0
"661","CTGCAGGAGCCTGTCG",0,0,0,0,0,0
"662","CTGCAGGGTCGAACGA",0,0,0,0,0,0
"663","CTGCAGGTCCACCCTA",0,0,0,0,0,0
"664","CTGCATCAGACATCAA",0,0,0,0,0,0
"665","CTGCATCAGCAATAGT",0,0,0,0,0,0
"666","CTGCATCGTCTAGTGT",0,0,0,0,0,0
"667","CTGCATCTCAAACTGC",0,0,0,0,0,0
"668","CTGCCATGTATGACAA",0,0,0,0,0,0
"669","CTGCGAGTCTGTCCGT",0,0,0,0,0,0
"670","CTGCGAGTCTTTCCGG",0,0,0,0,0,0
"671","CTGCTCAGTACGTTCA",0,0,0,0,0,0
"672","CTGGACGAGCCTCCAG",0,0,0,0,0,0
"673","CTGGACGAGTATGTAG",0,0,0,0,0,0
"674","CTGGACGTCAGCCCAG",0,0,0,0,0,0
"675","CTGGCAGAGATAACGT",0,0,0,0,0,0
"676","CTGGCAGGTTTAGAGA",0,0,0,0,0,0
"677","CTGGTCTAGTTTCGAC",0,0,0,0,0,0
"678","CTGTAGAAGAACTTCC",0,2,1,0,0,0
"679","CTGTATTAGTCACGAG",0,0,0,0,0,0
"680","CTGTCGTTCATTCGTT",0,0,0,0,0,0
"681","CTGTCGTTCGTGGAAG",0,0,0,0,0,0
"682","CTGTGAACACACACGC",0,0,0,0,0,0
"683","CTGTGAACACGAAAGC",0,0,0,0,0,0
"684","CTGTGGGAGCTAAGTA",0,0,0,0,0,0
"685","CTGTGGGTCGCTCTCA",6,0,0,0,0,0
"686","CTTACCGAGTAACCTC",0,0,0,0,0,0
"687","CTTCCGAAGGAGAGTA",0,0,0,0,0,0
"688","CTTCCGATCTAGCCTC",0,0,0,0,1,0
"689","CTTCCGATCTCATAGG",0,0,0,0,0,0
"690","CTTCCTTGTATGATCC",0,0,0,0,0,0
"691","CTTCGGTAGGCCTAGA",0,0,0,0,0,0
"692","CTTCGGTCAATTGGTC",0,0,0,0,0,0
"693","CTTCGGTCACACTTAG",0,0,0,0,0,0
"694","CTTCGGTGTGTACGCC",0,0,0,0,0,0
"695","CTTCTAAGTACCCGAC",0,0,0,0,0,0
"696","CTTCTCTAGTCGGCCT",0,0,0,0,0,0
"697","CTTCTCTCATGCAGCC",0,0,0,0,0,0
"698","CTTCTCTTCCGTCACT",0,0,0,0,0,0
"699","CTTGAGACATCTCGTC",0,0,0,0,0,0
"700","CTTGAGAGTGCAACGA",0,0,0,0,0,0
"701","CTTGAGATCCAAATGC",0,0,0,0,0,0
"702","CTTGATTCATTAGGAA",0,0,0,0,0,0
"703","CTTGATTGTAACCCTA",0,0,0,0,0,0
"704","CTTGATTGTCAAATCC",0,0,0,0,0,0
"705","CTTGATTTCGGTTCAA",0,0,0,0,0,0
"706","CTTTCAACACTCACTC",0,0,0,0,0,0
"707","CTTTCAATCAAGGTGG",0,0,0,0,0,0
"708","CTTTCGGAGCCGGATA",0,0,0,0,0,0
"709","CTTTCGGAGGCGTTAG",0,0,0,0,0,0
"710","GAAACCTCACTTCTCG",0,0,0,0,0,0
"711","GAAATGACAAGTCCCG",0,0,0,0,0,0
"712","GAAATGAGTATCACGT",0,0,0,0,0,0
"713","GAACACTAGACCAACG",0,0,0,0,0,0
"714","GAACACTGTGACACAG",0,0,0,0,0,0
"715","GAACGTTCACAGCCAC",0,0,0,0,0,0
"716","GAACGTTTCGCCTTGT",0,0,0,0,0,0
"717","GAACTGTAGAGTGTGC",0,0,0,0,0,0
"718","GAACTGTGTTCGCGTG",0,0,0,0,0,0
"719","GAAGAATAGCTAGATA",0,0,0,0,0,0
"720","GAAGAATCACCAAATC",0,0,0,0,0,0
"721","GAAGAATTCCGATAAC",0,0,0,0,0,0
"722","GAAGCCCTCCACCCTA",0,0,0,0,0,0
"723","GAAGCGAAGACCACGA",0,0,0,0,0,0
"724","GAAGCGACAAGGTACG",0,0,0,0,0,0
"725","GAAGCGAGTGCCTACG",0,0,0,0,0,0
"726","GAAGGACGTCAGATTC",0,0,0,0,0,0
"727","GAAGGGTCACCCGTAG",0,0,0,0,0,0
"728","GAAGGGTCACCTCGTT",0,0,0,0,0,0
"729","GAAGTAATCCCAGTGG",0,0,0,0,0,0
"730","GAATCACAGACTCGAG",0,0,0,0,0,0
"731","GAATCACAGACTTCGT",0,0,0,0,0,0
"732","GAATCACCAGACCTGC",0,0,0,0,0,0
"733","GAATCACGTGTTAAAG",0,0,0,0,0,0
"734","GAATCGTGTACATACC",0,0,0,0,0,0
"735","GACACGCAGCAACTTC",0,0,0,0,0,0
"736","GACACGCAGTTTGCTG",0,0,0,0,0,0
"737","GACACGCGTATTTCGG",0,0,0,0,0,0
"738","GACACGCGTTTCGTTT",0,0,0,0,0,0
"739","GACAGCCCACGAAGAC",0,0,0,0,0,0
"740","GACAGCCTCAGCGGAA",0,0,0,0,0,0
"741","GACATCACAGGAACCA",0,0,0,0,0,0
"742","GACCAATTCTTGTTAC",0,0,0,0,0,0
"743","GACCCAGAGCTGACAG",0,0,0,0,0,0
"744","GACCCAGGTTGCGTAT",0,0,0,0,0,0
"745","GACCCTTAGGTTTGAA",0,0,0,0,0,0
"746","GACCCTTCAATACCTG",0,0,0,0,0,0
"747","GACCCTTCATAACGGG",0,0,0,0,0,0
"748","GACCTTCCATCCGTTC",0,0,0,0,0,0
"749","GACGCTGCAGACACAG",0,0,0,0,0,0
"750","GACGCTGGTTGCCGCA",0,0,0,0,0,0
"751","GACGTTAAGCGCATCC",0,2,0,0,0,0
"752","GACGTTACAACGACAG",0,0,0,0,0,0
"753","GACGTTATCATAGAGA",0,0,0,0,0,0
"754","GACGTTATCTGAGGCC",0,0,0,0,0,0
"755","GACTATGAGCCAAGCA",0,0,0,0,0,0
"756","GACTATGCAGGTTCCG",0,0,0,0,0,0
"757","GACTATGTCAACACCA",0,0,0,0,0,0
"758","GACTCAACACTGTGTA",0,0,0,0,0,0
"759","GACTCAACATTAGGCT",0,0,0,0,0,0
"760","GACTCTCTCTGAGAGG",0,0,0,0,0,0
"761","GACTGATAGATGTTCC",0,0,0,0,0,0
"762","GACTGATTCCATCTCG",0,0,0,0,0,0
"763","GACTTCCCACTGTGAT",0,0,0,0,0,0
"764","GAGAAATAGTGTCATC",0,8,0,0,0,0
"765","GAGAAATTCGCGTGCA",0,0,0,0,0,0
"766","GAGACCCGTTCGAGCC",0,0,0,0,0,0
"767","GAGACCCGTTGGACCC",0,0,0,0,0,0
"768","GAGACTTCACTGCGTG",0,0,0,0,0,0
"769","GAGATGGCAGTCTACA",0,0,0,0,0,0
"770","GAGATGGCATGAATCC",0,0,0,0,0,0
"771","GAGCCTGAGGCGCTTC",0,0,0,0,0,0
"772","GAGCCTGTCTCGTGGG",0,0,0,0,0,0
"773","GAGCTGCAGGTGAGCT",0,0,0,0,0,0
"774","GAGCTGCTCGCCCAGA",0,0,0,0,0,0
"775","GAGCTGCTCTCCATAT",0,0,0,0,0,0
"776","GAGCTGCTCTCGAACA",3,0,0,0,0,0
"777","GAGGCAATCACGGAGA",0,0,0,0,0,0
"778","GAGGCCTCACAGCTGC",0,0,0,0,0,0
"779","GAGGGATAGCAACTTC",0,0,0,0,0,0
"780","GAGGGATTCCGATGCG",0,0,0,0,0,0
"781","GAGGGTAAGCACACCC",3,0,0,0,1,0
"782","GAGGGTACACCTATCC",0,0,0,0,0,0
"783","GAGGGTACAGTCAGCC",0,0,0,0,0,0
"784","GAGTCTACATGGACAG",0,0,0,0,0,0
"785","GAGTCTATCATTGCGA",0,0,0,0,0,0
"786","GAGTGAGAGCCGCACT",0,0,0,0,0,0
"787","GAGTGTTTCTAGTACG",0,0,0,0,0,0
"788","GAGTTGTAGGATAATC",0,0,0,0,0,0
"789","GAGTTTGGTCCACTTC",0,0,0,0,0,0
"790","GATAGAAAGCTAGAAT",0,0,0,0,0,0
"791","GATAGAACAACCCTCT",0,0,0,2,0,0
"792","GATAGCTAGAGTACCG",0,0,0,0,0,0
"793","GATAGCTTCGCTAATG",0,0,0,0,0,0
"794","GATCACAGTGGTAATA",0,0,0,0,0,0
"795","GATCATGAGGTCCAGA",0,0,0,0,0,0
"796","GATCATGGTAACACCT",0,0,0,0,0,0
"797","GATCCCTAGACTACGG",0,0,0,0,0,0
"798","GATCCCTCAACCAGAG",0,0,0,0,0,0
"799","GATCGTACAAGGCGTA",0,0,0,0,0,0
"800","GATCGTAGTAAGGCTG",0,0,0,0,0,0
"801","GATCGTATCTATGCCC",0,0,0,0,0,0
"802","GATGACTGTAACCAGG",0,0,0,0,0,0
"803","GATGAGGTCGAACCTA",0,0,0,0,0,0
"804","GATGATCAGTCGCGAA",0,0,0,0,0,0
"805","GATGATCCATTACGGT",0,0,0,0,0,0
"806","GATGGAGGTCATAACC",0,0,0,0,0,0
"807","GATGGAGGTTTACTGG",0,0,0,0,0,0
"808","GATGGAGTCACCTTGC",0,0,0,0,0,0
"809","GATTCTTCATAATCCG",0,0,0,0,0,0
"810","GATTGGTGTGCGCTCA",0,0,0,0,0,0
"811","GATTTCTGTGCCTTCT",0,0,0,0,0,0
"812","GCAACCGAGCACCAGA",0,0,0,0,0,0
"813","GCACGGTGTCCAAATC",0,0,0,0,0,0
"814","GCACGGTTCCAGTTCC",0,0,0,0,0,0
"815","GCACGGTTCGACATCA",0,0,0,0,0,0
"816","GCACGTGAGACCGTTT",0,0,0,0,0,0
"817","GCACGTGAGTCATGCT",0,0,0,0,0,0
"818","GCACGTGGTCAGGAGT",0,0,0,0,0,0
"819","GCACTAAAGTGTGTTC",0,0,0,0,0,0
"820","GCACTAACAATTAGGA",0,0,0,0,0,0
"821","GCACTAAGTTTCGACA",0,0,0,0,0,0
"822","GCACTAATCGCATGAT",0,0,0,0,0,0
"823","GCAGCCAAGCGTTCAT",0,0,0,0,0,0
"824","GCAGCTGGTTAGGACG",0,0,0,0,0,2
"825","GCAGCTGTCGCTACGG",0,0,0,0,0,0
"826","GCAGTTATCGGTCGGT",0,0,0,0,0,0
"827","GCATCGGCATTGCAAC",0,0,0,0,0,0
"828","GCATCTCAGTGTTCAC",0,0,0,0,0,0
"829","GCATCTCGTCACCTTC",0,0,0,0,0,0
"830","GCATCTCTCGTTCTAT",0,0,0,1,0,0
"831","GCATGATAGGTAACTA",0,0,0,0,0,0
"832","GCATTAGAGGTCTTTG",0,0,0,0,0,0
"833","GCATTAGCACTCCCTA",0,0,0,0,0,0
"834","GCATTAGTCAACCCGG",0,0,0,0,0,0
"835","GCATTAGTCCTGTAAG",0,0,0,0,0,0
"836","GCCAACGAGCGCATCC",0,0,0,0,0,0
"837","GCCAGCACACAACGAG",0,0,0,0,0,0
"838","GCCAGTGAGGATTTCC",0,0,0,0,0,0
"839","GCCAGTGCACAGGATG",0,0,0,0,0,0
"840","GCCAGTGGTTCCGTTC",0,0,0,0,0,0
"841","GCCATGGTCCACGAAT",0,0,0,0,0,0
"842","GCCCAGAAGTAAGGGA",0,0,0,0,0,0
"843","GCCCGAATCTTCCGTG",2,0,0,0,0,0
"844","GCCGTGACATCATCTT",0,0,0,0,0,0
"845","GCCGTGACATGAGAAT",0,0,0,0,0,0
"846","GCCGTGAGTTAGCTAC",0,0,0,0,0,0
"847","GCCTGTTGTAGCCAGA",0,0,0,0,0,0
"848","GCGATCGGTAGACACG",0,0,0,0,0,0
"849","GCGGAAACACAACATC",0,0,0,0,0,0
"850","GCGGATCCATCTTTCA",0,0,0,0,0,0
"851","GCGGATCGTCCGGCAT",0,0,0,0,0,0
"852","GCGTGCAGTTCTCGTC",1,3,0,0,0,0
"853","GCGTGCAGTTGGTAGG",0,0,0,0,0,0
"854","GCGTTTCAGTCACTCA",0,0,0,0,0,0
"855","GCTACAACAGAGAATT",0,0,0,0,0,0
"856","GCTACAACATGACGTT",0,0,0,0,0,0
"857","GCTACCTAGCTAAGTA",0,0,0,0,0,0
"858","GCTCAAAAGATAGCAT",0,0,0,0,0,0
"859","GCTCAAATCCACTGAA",0,0,0,0,0,0
"860","GCTGAATGTTCAAGTC",0,0,0,0,0,0
"861","GCTGCAGCAAAGGCGT",0,0,0,0,0,0
"862","GCTGCAGTCTCTTGCG",0,0,0,0,0,0
"863","GCTGGGTAGGGAGGAC",0,0,0,0,0,0
"864","GCTGGGTTCCTTATAC",0,0,0,0,0,0
"865","GCTTGGGAGTCAACAA",0,0,0,0,0,0
"866","GCTTGGGCACCGGTCA",0,0,0,0,0,0
"867","GCTTGGGCAGAATGTA",0,0,0,0,0,0
"868","GCTTGGGGTAGGCAAC",0,0,0,0,0,0
"869","GCTTTCGAGACTAAGT",0,0,0,0,0,0
"870","GCTTTCGCAAGATCCT",0,0,0,0,0,0
"871","GCTTTCGCAATCAGCT",0,4,0,0,0,0
"872","GGAACCCGTACTCAAC",0,0,0,0,0,0
"873","GGAAGTGGTGAAAGTT",0,0,0,0,0,0
"874","GGAATCTAGAGTGTTA",0,0,0,0,0,0
"875","GGAATCTCATGAGATA",0,0,0,0,0,0
"876","GGAATCTTCCGTATAG",0,0,0,0,0,0
"877","GGAATCTTCTCTATAC",0,0,0,0,0,0
"878","GGACGTCGTAACTGCT",0,0,0,0,0,0
"879","GGAGAACCAAGGACAC",0,0,0,0,0,0
"880","GGAGAACCAGGTTCAT",0,0,0,0,0,0
"881","GGAGATGAGATGAATC",0,0,0,0,0,0
"882","GGAGATGCAGTGGTGA",0,0,0,0,0,0
"883","GGAGATGGTATGTCAC",0,0,0,0,0,0
"884","GGAGATGTCATAAGGA",1,3,0,0,0,0
"885","GGAGGATTCCGTAATG",0,0,0,0,0,0
"886","GGAGGTAAGTCTCCTC",0,0,0,0,0,0
"887","GGAGGTAGTGATTGGG",0,0,0,0,0,0
"888","GGATCTACAAGGCGTA",0,0,0,0,0,0
"889","GGATCTACATCGCTAA",0,0,0,0,0,0
"890","GGATCTAGTCTTTATC",0,0,0,0,0,0
"891","GGATGTTTCTCAATCT",0,0,0,0,0,0
"892","GGATGTTTCTCTGCTG",0,0,0,0,0,0
"893","GGCAGTCCATATGAAG",0,0,0,0,0,0
"894","GGCGTCATCACCCTCA",0,0,0,0,0,0
"895","GGCTTGGAGAAGAGCA",0,0,0,0,0,0
"896","GGCTTTCAGGCACAAC",0,0,0,0,0,0
"897","GGCTTTCCACGAAGAC",0,0,0,0,0,0
"898","GGGAAGTGTGCATTAC",0,0,0,0,0,0
"899","GGGAAGTTCTCACTCG",0,0,0,0,0,0
"900","GGGACAACATGACGAG",0,0,0,0,0,0
"901","GGGACTCAGAGGGCGA",0,0,0,0,0,0
"902","GGGAGTACAGAACATA",0,0,0,0,0,0
"903","GGGATCCTCAGACATC",0,0,0,0,0,0
"904","GGGATGAAGCATTGAA",0,0,0,0,0,0
"905","GGGATGAAGCCATTGT",0,0,0,0,0,0
"906","GGGATGAGTGTTCAGT",0,0,0,0,0,0
"907","GGGATGATCCACGGAC",0,0,0,0,0,0
"908","GGGCTCACACGCAGTC",0,0,0,0,0,0
"909","GGGTAGACAAATGGAT",0,0,0,0,0,0
"910","GGGTATTAGATTAGCA",0,0,0,0,0,0
"911","GGGTCACCACTAGAGG",0,0,0,0,0,0
"912","GGGTCACCATGAGGGT",0,0,0,0,0,0
"913","GGGTCACGTAGAGGAA",0,0,0,0,0,0
"914","GGGTCACGTCCTCCTA",0,0,0,0,0,0
"915","GGGTCTGAGAGTCCGA",0,0,0,0,0,0
"916","GGGTCTGAGATGATTG",0,0,0,0,0,0
"917","GGGTCTGGTGCCCGTA",0,0,0,0,0,0
"918","GGGTTATGTAACAGGC",0,0,0,0,0,0
"919","GGGTTATTCTGCAGCG",0,0,0,0,0,0
"920","GGTAACTGTCGTCATA",0,0,0,0,0,0
"921","GGTAACTGTTCACCGG",0,0,0,0,0,0
"922","GGTAGAGGTACCGCGT",0,0,0,0,3,0
"923","GGTAGAGTCGTCGGGT",0,0,0,0,0,0
"924","GGTCACGGTTGTTGCA",0,0,0,0,0,0
"925","GGTCACGTCATTTCGT",0,0,0,0,0,0
"926","GGTGAAGCAGGACTTT",0,0,0,0,0,0
"927","GGTGAAGGTAAGTTGA",0,0,0,0,0,0
"928","GGTGATTGTCATGCAT",0,0,0,0,0,0
"929","GGTGGCTAGGTCGCCT",0,0,0,0,0,0
"930","GGTGTTAAGTAGTCAA",0,0,0,0,0,0
"931","GGTGTTACAAGACCGA",0,3,0,0,0,0
"932","GGTGTTACACCTGATA",0,0,0,0,0,0
"933","GGTGTTAGTCACCCTT",0,0,0,0,0,0
"934","GGTGTTATCATAGGCT",0,0,0,0,0,0
"935","GGTTAACAGAGTGGCT",0,0,0,0,0,0
"936","GGTTAACCAACACTAC",0,0,0,0,0,0
"937","GGTTAACCAGTCAGAG",0,0,0,0,0,0
"938","GGTTAACGTGTCCCTT",0,0,0,0,0,0
"939","GGTTCTCAGTCGCGAA",0,0,0,0,0,0
"940","GGTTCTCCAGTCTCTC",0,0,0,0,0,0
"941","GGTTCTCTCTTGTGCC",0,0,0,0,0,0
"942","GGTTGTAAGCGCTTCG",0,0,0,0,0,0
"943","GTAACACAGCCGTTAT",0,0,0,0,0,0
"944","GTAACCAAGGCGTTGA",0,0,0,0,0,0
"945","GTAACCACATCCGCGA",0,0,0,0,0,0
"946","GTAACCATCACGGGAA",0,0,0,0,0,0
"947","GTAAGTCGTGTCTTAG",0,1,0,0,0,0
"948","GTAAGTCTCTCTGGTC",0,0,0,0,0,0
"949","GTACAGTAGTAGGTTA",0,0,0,0,0,0
"950","GTAGAAAGTCGAGCAA",0,0,0,0,0,0
"951","GTAGAGGAGATTAGAC",0,0,0,0,0,0
"952","GTAGAGGTCTAGCCAA",0,0,0,0,0,0
"953","GTAGCTAGTTGCATGT",0,0,0,0,0,0
"954","GTAGCTAGTTGTTTGG",0,0,0,0,0,0
"955","GTAGCTATCCGACAGC",0,0,0,0,0,0
"956","GTAGGAGAGATTGCGG",0,0,0,0,0,0
"957","GTAGGAGAGTCTTCGA",0,0,0,0,0,0
"958","GTAGGTTGTCTTCGAA",0,0,0,0,0,0
"959","GTAGGTTTCGAAACAA",0,0,0,0,0,0
"960","GTAGTACGTGAAAGTT",0,0,0,0,0,0
"961","GTAGTACTCCTCTAAT",0,0,0,0,0,0
"962","GTATTTCAGGCTCACC",0,0,0,0,0,0
"963","GTATTTCAGTTTGAGA",0,0,0,0,0,0
"964","GTATTTCTCGAGAATA",0,0,0,0,0,0
"965","GTCAAACAGAGCATTA",0,0,0,0,0,0
"966","GTCAAACGTAGACAAT",0,0,0,0,0,0
"967","GTCAAGTTCGAAGGAC",0,0,0,0,0,0
"968","GTCAAGTTCGTAGCCG",0,0,0,0,0,0
"969","GTCACGGAGCGTCGAA",0,0,0,0,0,0
"970","GTCACGGAGCTCACTA",0,0,0,0,0,0
"971","GTCACGGAGTTCCGGC",0,0,0,0,0,0
"972","GTCATCCAGGATTCAA",0,0,0,0,0,0
"973","GTCATCCTCCACTGAA",0,0,0,0,0,0
"974","GTCATGATCTCATTGT",0,0,0,0,0,0
"975","GTCATGATCTCCAAGA",0,0,0,0,0,0
"976","GTCATTTAGCCGCACT",0,0,0,0,0,0
"977","GTCATTTCAACGATTC",0,0,0,0,0,0
"978","GTCATTTTCACGTCCT",0,0,0,0,0,0
"979","GTCCCATAGAAGCTCG",0,0,0,0,0,0
"980","GTCCCATGTGTATACC",0,5,0,0,0,1
"981","GTCCTCAAGTCCGCCA",0,0,0,0,0,0
"982","GTCGAATTCGCTTAAG",0,0,0,0,0,0
"983","GTCGCGACAGTTTGGT",0,0,0,0,0,0
"984","GTCGCGACATTGGCAT",0,0,0,0,0,0
"985","GTCGTAAAGCTGACTT",0,0,0,0,0,0
"986","GTCTACCAGTCTGCAT",0,0,0,0,0,0
"987","GTCTAGAGTACCTAAC",0,0,0,0,0,0
"988","GTCTAGAGTCACCGAC",0,0,0,0,0,0
"989","GTCTGTCAGGGCAGTT",0,0,0,0,0,0
"990","GTCTTTAGTCAGATTC",0,0,0,0,0,0
"991","GTGACGCCAATCAAGA",0,0,0,0,0,0
"992","GTGACGCTCGTTAGTG",0,0,0,0,0,0
"993","GTGAGCCCAAGTATAG",0,0,0,0,0,0
"994","GTGAGCCCAATCGCGC",0,0,0,0,0,0
"995","GTGAGCCTCACCACAA",0,0,0,0,0,0
"996","GTGAGTTAGCAAATCA",0,0,0,0,0,0
"997","GTGATGTCAATAGTCC",0,0,0,0,0,0
"998","GTGCGTGGTCACTCTC",0,0,0,0,0,0
"999","GTGCTGGAGTAAAGCT",0,0,0,0,0,0
"1000","GTGCTTCTCATAGACC",0,0,0,0,0,0
"1001","GTGGAAGTCCTCATAT",0,0,0,0,0,0
"1002","GTGGAGACAACCCTCT",0,0,0,0,0,0
"1003","GTGGAGAGTGTCCACG",0,0,0,0,0,0
"1004","GTGTAACGTTCGATTG",0,0,0,0,0,0
"1005","GTGTGATCAACCTAAC",0,0,0,0,0,0
"1006","GTGTGGCCATAAGCGG",0,0,0,0,0,0
"1007","GTGTTAGTCGACTCCT",0,0,0,0,0,0
"1008","GTGTTCCAGTGAGGCT",0,2,0,0,0,0
"1009","GTTACAGCACGGAAGT",0,0,0,0,0,0
"1010","GTTACCCTCCTCTGCA",0,0,0,0,0,0
"1011","GTTACGACATGACGTT",0,0,0,0,0,0
"1012","GTTACGATCGTTAGTG",0,0,0,0,0,0
"1013","GTTAGACAGTTGAATG",0,0,0,0,0,0
"1014","GTTAGACCATAGCACT",0,0,0,0,0,0
"1015","GTTAGTGAGTCACAGG",0,0,0,0,0,0
"1016","GTTAGTGCAGGGTTGA",0,0,0,0,0,0
"1017","GTTATGGCAAAGGAGA",0,0,0,0,0,0
"1018","GTTCATTCATCAGTGT",0,0,0,0,0,0
"1019","GTTCATTTCCGTGTCT",0,0,0,0,0,0
"1020","GTTCTATAGACCACGA",0,0,0,0,0,0
"1021","GTTCTATAGAGTCAAT",0,0,0,0,0,0
"1022","GTTCTATGTCCGCAGT",0,0,0,0,0,0
"1023","GTTCTATTCCTATGGA",0,0,0,0,0,0
"1024","GTTGAACCATGTGGCC",0,0,0,0,0,0
"1025","GTTGCGGGTCATCCCT",0,0,0,0,0,0
"1026","GTTGCGGTCACAAGGG",0,0,0,0,0,0
"1027","GTTGTCCGTCGTCAGC",0,0,0,0,0,0
"1028","GTTGTCCGTGTAAACA",0,0,0,0,0,0
"1029","GTTGTCCGTTCGTAAC",0,0,0,0,0,0
"1030","GTTGTCCTCGCGAAGA",0,0,0,0,0,0
"1031","GTTGTCCTCGGCTCTT",0,0,0,0,0,0
"1032","GTTGTGAAGTGGTTGG",0,0,0,0,0,0
"1033","GTTTACTAGGGAGGCA",0,1,0,0,0,0
"1034","GTTTGGATCACCTACC",0,1,0,0,0,0
"1035","TAACACGAGGCTTAAA",0,0,0,0,0,0
"1036","TAACACGTCAGCTTGA",0,0,0,0,0,0
"1037","TAACACGTCTCCAATT",0,0,0,0,0,0
"1038","TAACGACAGCCGCTTG",0,0,0,0,0,0
"1039","TAAGCCACACAGCTTA",0,0,0,0,0,0
"1040","TAAGCCATCACTACTT",0,0,0,0,0,0
"1041","TAAGTCGAGACCCTTA",0,0,0,0,0,0
"1042","TACAACGCAACCCTAA",0,0,0,0,0,0
"1043","TACAACGTCTTACGGA",0,0,0,0,0,0
"1044","TACACCCCACTCGATA",0,0,0,0,0,0
"1045","TACAGGTAGGATACAT",0,0,0,0,0,0
"1046","TACAGGTGTCCCTAAA",0,0,0,0,0,0
"1047","TACAGGTTCGCGTGAC",0,0,0,0,0,0
"1048","TACAGGTTCTATACGG",0,0,0,0,0,0
"1049","TACATTCAGCTCCACG",0,0,0,0,0,0
"1050","TACATTCTCTGATGGT",0,0,0,0,0,0
"1051","TACCCACCAAGACCGA",1,1,0,0,0,0
"1052","TACCGAACATCTAGAC",0,0,0,0,0,0
"1053","TACCGGGAGCACTTTG",0,0,0,0,0,0
"1054","TACCGGGCACCGTCTT",0,0,0,0,0,0
"1055","TACCTCGCAAGTGATA",0,0,0,0,0,0
"1056","TACCTCGTCGGTAAGG",0,0,0,0,0,0
"1057","TACCTGCCAAGCGGAT",0,0,0,0,0,0
"1058","TACGCTCAGAACTCCT",0,0,0,0,0,0
"1059","TACGCTCTCCATCACC",0,0,0,0,0,0
"1060","TACGGGCCAGAGGACT",0,0,0,0,0,0
"1061","TACGGGCGTCTGGTTA",0,0,0,0,0,0
"1062","TACGGGCTCTAGACCA",0,0,0,0,0,0
"1063","TACGGTATCGCTTGAA",0,0,0,0,0,0
"1064","TACGTCCGTGGAATGC",0,0,0,0,0,0
"1065","TACTGCCAGATACAGT",0,0,0,0,0,0
"1066","TACTGCCCATCAGCGC",0,0,0,0,0,0
"1067","TACTGCCTCTTTACAC",0,0,0,0,0,0
"1068","TACTTACAGGGAGTGG",0,0,0,0,0,0
"1069","TACTTACCAGATCCAT",0,0,0,0,0,0
"1070","TACTTCAAGCTAAACA",0,0,0,0,0,0
"1071","TACTTCACAACTCGTA",0,0,0,0,0,0
"1072","TAGACCAGTCACTTAG",0,0,0,0,0,0
"1073","TAGACCATCTGAGGTT",0,0,0,0,0,0
"1074","TAGACTGCAACGCATT",0,0,0,0,0,0
"1075","TAGACTGTCAAGTCGT",0,0,0,0,0,0
"1076","TAGAGTCAGAACTTCC",0,0,0,0,0,0
"1077","TAGAGTCGTATCGTGT",0,0,0,0,0,0
"1078","TAGCACACAAATGGTA",0,0,0,0,0,0
"1079","TAGGAGGCACCCTAAA",0,2,0,0,0,0
"1080","TAGGGTTGTGCTCCGA",0,0,0,0,0,0
"1081","TAGGTTGCAAGTGGCA",0,0,0,0,0,0
"1082","TAGTGCAAGACATATG",0,0,0,0,0,0
"1083","TAGTGCAAGACGGTCA",0,0,0,0,0,0
"1084","TATACCTTCATGTCTT",0,0,0,0,0,0
"1085","TATATCCTCGATTTCT",0,0,0,0,0,0
"1086","TATCAGGAGAAACTAC",0,0,0,0,0,0
"1087","TATCAGGGTGCGGTAA",0,0,0,0,0,0
"1088","TATCCTAAGTGGAAAG",0,0,0,0,0,0
"1089","TATCCTACACGCCACA",0,0,0,0,0,0
"1090","TATCGCCTCTGGTGGC",0,0,0,0,0,0
"1091","TATCTGTCAAGTGATA",0,0,0,0,0,0
"1092","TATCTGTGTTTCCCAC",0,0,0,0,0,0
"1093","TATCTGTTCCGCTGTT",0,0,0,0,0,0
"1094","TATTCCACACATTACG",0,0,0,0,0,0
"1095","TATTGCTAGACGGTTG",0,0,0,0,0,0
"1096","TATTTCGAGCATGATA",0,0,0,0,0,0
"1097","TCAAGACAGGATGCGT",0,0,0,0,0,0
"1098","TCAAGACTCTAGAGCT",0,0,0,0,0,0
"1099","TCAAGTGTCGCGCTGA",0,0,0,0,0,0
"1100","TCAATCTAGGAGGCAG",0,0,0,0,0,0
"1101","TCACACCAGCGTCAAG",0,0,0,0,0,0
"1102","TCACATTCACGGCGTT",0,0,0,0,0,0
"1103","TCACATTCATCCTAAG",0,0,0,0,0,0
"1104","TCACGCTGTGTGCTTA",0,0,0,0,0,0
"1105","TCACGCTTCGCTCTCA",0,0,0,0,0,0
"1106","TCACTATAGCAACAGC",0,0,0,0,0,0
"1107","TCACTATAGCCAAGGT",0,0,0,0,0,0
"1108","TCACTATGTGTCCACG",0,0,0,0,0,0
"1109","TCACTATTCGCTACAA",0,0,0,0,0,0
"1110","TCAGCCTGTGGAACCA",0,0,0,0,0,0
"1111","TCAGCCTTCCAGCAAT",0,0,0,0,0,0
"1112","TCAGGGCGTCAGGTAG",0,0,0,0,0,0
"1113","TCAGGGCGTGTAAACA",0,0,0,0,0,0
"1114","TCAGGTAAGCTCACTA",0,0,0,0,0,0
"1115","TCAGGTACATTCATCT",0,0,0,0,0,0
"1116","TCAGGTATCTTACCGC",0,0,0,0,0,0
"1117","TCAGGTATCTTCCTAA",0,0,0,0,0,0
"1118","TCAGTCCCACAATGCT",0,0,0,0,0,0
"1119","TCAGTCCTCAGACCTA",0,0,0,0,0,0
"1120","TCAGTGAGTATCGCTA",0,0,0,0,0,0
"1121","TCATACTAGTTGGGAC",0,0,0,0,0,0
"1122","TCATACTCATCTGGGC",0,0,0,0,0,0
"1123","TCATCCGCAACCGTAT",0,0,0,0,0,0
"1124","TCATCCGCAGTCAGAG",0,0,0,0,0,0
"1125","TCATCCGCATCCTCAC",0,0,0,0,0,0
"1126","TCATGAGAGCCTTGAT",0,0,0,0,0,0
"1127","TCATGAGCAGGCACAA",0,0,0,0,0,0
"1128","TCATGCCTCCTGTACC",0,0,0,0,0,0
"1129","TCATGTTCACAAATGA",0,0,0,0,0,0
"1130","TCATGTTGTGCGACAA",0,0,0,0,0,0
"1131","TCATTACGTCACTTAG",0,0,0,0,0,0
"1132","TCATTCATCCCTCGAT",0,0,0,0,0,0
"1133","TCATTCATCCTCACCA",0,0,0,0,0,0
"1134","TCATTCATCTTAGGAC",0,0,0,0,0,0
"1135","TCATTGTTCGTAGAGG",0,0,0,0,0,0
"1136","TCATTTGGTGCGTTTA",2,0,0,0,0,0
"1137","TCATTTGGTTCGTGCG",0,0,0,0,0,0
"1138","TCCACCATCCCTTCCC",0,0,0,0,0,0
"1139","TCCACGTAGGTAAGTT",0,0,0,0,0,0
"1140","TCCACGTCAGAACTCT",0,0,0,0,0,0
"1141","TCCACGTGTGACAGCA",0,0,0,0,0,0
"1142","TCCACGTTCTTGGTCC",0,0,0,0,0,0
"1143","TCCATCGAGCGATGCA",0,0,0,0,0,0
"1144","TCCATCGCATGCCGGT",0,0,0,0,0,0
"1145","TCCATCGTCCCTCTTT",0,0,0,0,0,0
"1146","TCCATCGTCGCTGTTC",0,0,0,0,0,0
"1147","TCCATGCGTATTTCCT",0,0,0,0,0,0
"1148","TCCATGCGTGCCTAAT",0,0,0,0,0,0
"1149","TCCATGCTCGGTTCAA",0,0,0,0,0,0
"1150","TCCCACAAGGCTCAAG",0,0,0,0,0,0
"1151","TCCCAGTCACACGGAA",0,0,0,0,0,0
"1152","TCCCAGTCATGGACAG",0,0,0,0,0,0
"1153","TCCCAGTTCACTCGAA",0,0,0,0,0,0
"1154","TCCCAGTTCATTTCGT",0,0,0,0,0,0
"1155","TCCCATGAGGATATAC",0,0,0,0,0,0
"1156","TCCGATCTCCAAGCAT",0,0,0,0,0,0
"1157","TCCGGGAAGAGCACTG",0,0,0,0,0,0
"1158","TCCGGGAGTCAGTCTA",0,0,0,0,0,0
"1159","TCCGGGAGTTCAGGTT",0,0,0,0,0,0
"1160","TCCGGGATCATGCGGC",0,0,0,0,0,0
"1161","TCCGTGTCAAGTTCCA",0,0,0,0,0,0
"1162","TCCGTGTGTTCAGCTA",0,0,0,0,0,0
"1163","TCCTAATCAACAGCTT",0,0,0,0,0,0
"1164","TCCTAATCAATCGCAT",0,0,0,0,0,0
"1165","TCCTAATCATCCGCGA",0,0,0,0,0,0
"1166","TCCTCCCAGTAACGTA",0,0,0,0,0,0
"1167","TCCTCGATCCCATTTA",0,1,0,0,0,0
"1168","TCCTGCAAGATGCCGA",0,0,0,0,0,0
"1169","TCCTGCAAGGTCGCCT",0,0,0,0,0,0
"1170","TCCTGCACAGCTATTG",0,0,0,0,0,0
"1171","TCCTGCATCCAAATGC",3,0,0,0,0,1
"1172","TCCTTCTTCGTGGCGT",0,0,0,0,0,0
"1173","TCCTTTCAGTACGAGC",0,0,0,0,0,0
"1174","TCCTTTCGTTCCGTTC",0,0,0,0,0,0
"1175","TCGAACAGTGGAACCA",0,0,0,0,0,0
"1176","TCGAACAGTTAGGCTT",0,1,0,0,0,0
"1177","TCGAAGTAGATTGGGC",0,0,0,0,0,0
"1178","TCGACCTCAGACTGCC",0,0,0,0,0,0
"1179","TCGACCTTCATTCACT",0,0,0,0,0,0
"1180","TCGACGGGTAGAAACT",0,0,0,0,0,0
"1181","TCGATTTAGACTCAAA",0,0,0,0,0,0
"1182","TCGATTTAGTCTGCGC",0,0,0,0,0,0
"1183","TCGATTTCACTCAGAT",0,0,0,0,0,0
"1184","TCGATTTGTCTCAGGC",0,0,0,0,0,0
"1185","TCGCAGGCACAGAAGC",0,0,0,0,0,0
"1186","TCGCAGGGTGTGTCCG",0,0,0,0,0,0
"1187","TCGCTCAAGAGTCAAT",0,0,0,0,0,0
"1188","TCGCTCAGTACTCGTA",0,0,0,0,0,0
"1189","TCGCTTGAGGTACATA",0,0,0,0,0,0
"1190","TCGCTTGCAGGTGGAT",0,0,0,0,0,0
"1191","TCGGATAGTCATGCAT",0,0,0,0,0,0
"1192","TCGGGACTCCGTGTAA",0,0,0,0,0,0
"1193","TCGGGACTCTGACGCG",5,3,0,0,0,0
"1194","TCGGGCAGTCCACGCA",0,0,0,0,0,0
"1195","TCGGGCAGTGCATTTG",0,0,0,0,0,0
"1196","TCGGGCATCGTGTCAA",0,0,0,0,0,0
"1197","TCGGGTGAGCGTATGG",0,0,0,0,0,0
"1198","TCGGTCTAGTGAACAT",0,0,0,0,0,0
"1199","TCGGTCTCACACACGC",0,0,0,0,0,0
"1200","TCGGTCTCATTGAGGG",0,0,0,0,0,0
"1201","TCGTAGAAGTGCAGGT",0,0,0,0,0,0
"1202","TCGTAGATCCGTGGGT",0,0,0,0,0,0
"1203","TCGTCCACACATAACC",0,0,0,0,0,0
"1204","TCGTCCAGTTCCCACT",0,0,0,0,0,0
"1205","TCGTCCATCCAAACCA",0,3,0,0,0,0
"1206","TCGTCCATCGCCAACG",0,0,0,0,0,0
"1207","TCTAACTCAGGTTCGC",0,0,0,0,0,0
"1208","TCTACATAGAGTTGAT",0,0,0,0,0,0
"1209","TCTACATCAACACACT",0,0,0,0,0,0
"1210","TCTACATCAACAGAGC",0,0,0,0,0,0
"1211","TCTACATGTCTTACAG",0,0,0,0,0,0
"1212","TCTACCGCATAGATCC",0,0,0,0,0,0
"1213","TCTACCGTCTCCGATC",0,0,0,0,0,0
"1214","TCTATACAGGACGCAT",0,0,0,0,0,0
"1215","TCTATCATCCATTCGC",0,0,0,0,0,0
"1216","TCTCACGCAATTCTCT",0,0,0,0,0,0
"1217","TCTCAGCAGGTACTGG",0,0,0,1,0,0
"1218","TCTCAGCGTGAATGAT",0,0,0,0,0,0
"1219","TCTCCGACACGTAACT",0,0,0,0,0,0
"1220","TCTCCGATCCAGTGCG",0,0,0,0,0,1
"1221","TCTCTGGTCCATCCGT",0,0,0,0,0,0
"1222","TCTGGCTAGATCGGTG",0,0,0,0,0,0
"1223","TCTGGCTCAAGAAATC",0,0,0,0,0,0
"1224","TCTGGCTCACAGAGAC",0,0,0,0,0,0
"1225","TCTGTCGAGCGCGTTC",0,0,0,0,0,0
"1226","TCTGTCGTCGGAGATG",0,0,0,0,0,0
"1227","TCTTGCGCACGGTGTC",0,0,0,0,0,0
"1228","TCTTTGACAGGCTTGC",1,0,0,1,0,1
"1229","TGAATCGAGGCATCGA",0,0,0,0,0,0
"1230","TGAATCGAGTAAACTG",0,0,0,0,0,0
"1231","TGAATCGGTTAAGACA",0,0,0,0,0,0
"1232","TGAATCGTCGAAGCCC",0,0,0,0,0,0
"1233","TGAATGCAGGTAACTA",0,0,0,0,0,0
"1234","TGAATGCCAACACGAG",0,0,0,0,0,0
"1235","TGACCCTGTTCGGTCG",0,0,0,0,0,0
"1236","TGACTCCTCGTGTGGC",0,0,0,0,0,0
"1237","TGAGACTAGCCATCCG",0,0,0,0,0,0
"1238","TGAGCATCATTCTTCA",0,0,0,0,0,0
"1239","TGAGCATGTAGCTGAG",1,6,0,0,0,0
"1240","TGAGCATTCTACTGCC",0,0,0,0,0,0
"1241","TGAGCGCAGCCGAATG",0,0,0,0,0,0
"1242","TGAGCGCGTAACAAGT",0,0,0,0,0,0
"1243","TGAGGAGTCTGTCCGT",0,0,0,0,0,0
"1244","TGAGGGACAGATTTCG",0,0,0,0,0,0
"1245","TGAGGTTAGCACTGGA",0,0,0,0,0,0
"1246","TGAGGTTCAACTGCCG",0,0,0,0,0,0
"1247","TGAGGTTCATTATGCG",0,0,0,0,0,0
"1248","TGATCAGAGGTGAGAA",0,0,0,0,0,0
"1249","TGATCTTAGCGAATGC",3,0,0,0,0,0
"1250","TGATGCAGTGGCAACA",0,0,0,0,0,0
"1251","TGATGCAGTTTGAACC",0,0,0,0,0,0
"1252","TGATTTCAGGGAGGAC",0,0,0,0,0,0
"1253","TGCACGGTCATCGTAG",0,0,0,0,0,0
"1254","TGCACGGTCGCTAATG",0,0,0,0,0,0
"1255","TGCAGATCACACTGGC",0,0,0,0,0,0
"1256","TGCAGATCAGAATGTA",0,0,0,0,0,0
"1257","TGCAGATTCGAGAAAT",0,0,0,0,0,0
"1258","TGCAGGCCACACGCCA",0,0,0,0,0,0
"1259","TGCAGGCTCGTCCATC",0,0,0,0,0,0
"1260","TGCAGGCTCTTTGCAT",0,0,0,0,0,0
"1261","TGCATCCAGTCAGCGA",0,4,0,0,0,0
"1262","TGCATGAGTCCAATCA",0,0,0,0,0,0
"1263","TGCGGCAAGATTGATG",0,0,0,0,0,0
"1264","TGCGGCAAGCCTGTGC",0,0,0,0,0,0
"1265","TGCGGGTAGGTATTGA",0,0,0,0,0,0
"1266","TGCTCCAAGCACCGAA",0,0,0,0,0,0
"1267","TGCTCCAAGCTAGAAT",0,0,0,0,0,0
"1268","TGCTCCAAGTCAGCCC",0,0,0,0,0,0
"1269","TGCTCCACAATGACCT",0,0,0,0,0,0
"1270","TGCTCCACACGCGCAT",0,0,0,0,0,0
"1271","TGCTCGTCATGGCCCA",0,0,0,0,0,0
"1272","TGCTCGTTCATCTACT",0,0,0,0,0,0
"1273","TGCTCGTTCTGTGCTC",0,0,0,0,0,0
"1274","TGCTGAACACAAATCC",0,0,0,0,0,0
"1275","TGCTGAACAGTCTGGC",0,0,0,0,0,0
"1276","TGCTGAATCTCCTGTG",0,0,0,0,0,0
"1277","TGCTTGCAGGCATGCA",0,0,0,0,0,0
"1278","TGCTTGCAGGCATTTC",0,0,0,0,0,0
"1279","TGGAACTTCTCGCAGG",0,0,0,0,0,0
"1280","TGGAGAGTCCCTCAAC",0,0,0,0,0,0
"1281","TGGAGGACATGTCGTA",0,0,0,0,0,0
"1282","TGGAGGAGTTCCGCGA",0,0,0,0,0,0
"1283","TGGATCACAACCGATT",0,0,0,0,0,0
"1284","TGGATCACATACAGCT",0,0,0,0,0,0
"1285","TGGATCAGTTTCCATT",0,0,0,0,0,0
"1286","TGGCGTGCAACCAATC",0,0,0,0,0,0
"1287","TGGCGTGGTGGATACG",0,0,0,0,0,0
"1288","TGGGAAGCAGAGCTAG",0,1,0,1,0,0
"1289","TGGGAAGGTCATGGCC",0,0,0,0,0,0
"1290","TGGGAAGGTGACTGTT",0,0,0,0,0,0
"1291","TGGGAAGTCGAGTGAG",0,0,0,0,0,0
"1292","TGGGATTCAATCGCCG",0,0,0,0,0,0
"1293","TGGGATTCACATCCCT",0,0,0,0,0,0
"1294","TGGGATTTCAGTGCGC",0,0,0,0,0,0
"1295","TGGGATTTCATCTACT",0,0,0,0,0,0
"1296","TGGGCGTAGCCTAGGA",0,0,0,0,0,0
"1297","TGGGTTACACATGGTT",0,0,0,0,0,0
"1298","TGGGTTATCGTTCTAT",0,0,0,0,0,0
"1299","TGGGTTATCTGTACAG",0,0,0,0,0,0
"1300","TGGTACAGTCGACTGC",0,0,0,0,0,0
"1301","TGGTACATCCAATCTT",0,0,0,0,0,0
"1302","TGGTACATCTACTCAT",0,0,0,0,0,0
"1303","TGGTGATCAGCTGTTA",0,0,0,0,0,0
"1304","TGGTGATGTTAGGGAC",0,0,0,0,0,0
"1305","TGGTGATTCGCCTAGG",0,0,0,0,0,0
"1306","TGTAACGAGTGAGTTA",0,0,0,0,0,0
"1307","TGTAAGCCACGGTAGA",0,0,0,0,0,0
"1308","TGTAAGCGTTTGGGTT",0,0,0,0,0,0
"1309","TGTCAGAAGTAGGATT",0,0,0,0,0,0
"1310","TGTCAGATCTTCCCAG",0,0,0,0,0,0
"1311","TGTCCACTCAACGCTA",0,0,0,0,0,0
"1312","TGTCCACTCCAGTGCG",0,0,0,0,0,0
"1313","TGTCCCACATGAAGCG",0,0,0,0,0,0
"1314","TGTCCCAGTGATGTAA",0,0,0,0,0,0
"1315","TGTCCCAGTTGCTAGT",0,0,0,0,0,0
"1316","TGTCCTGTCATTACGG",0,0,0,0,0,0
"1317","TGTGAGTGTTGCATAC",0,0,0,0,0,0
"1318","TGTGAGTTCCCATTCG",0,0,0,0,0,0
"1319","TGTGCGGAGAGCATTA",0,0,0,0,0,0
"1320","TGTGCGGAGAGGGTGG",0,0,0,0,0,0
"1321","TGTGCGGAGCTCGAAG",0,0,0,0,0,0
"1322","TGTGGCGCAAGTTCCA",0,0,0,0,0,0
"1323","TGTGGCGCACAGCCTG",0,0,0,0,0,0
"1324","TGTGGCGCACATTCGA",0,0,0,0,0,0
"1325","TGTGGCGCAGCGTGCT",0,0,0,0,0,0
"1326","TGTGTGACAGTTAGAA",0,0,0,0,0,0
"1327","TGTGTGAGTTCGAAGG",0,0,0,0,0,0
"1328","TGTGTGATCCCTCTTT",0,0,0,0,0,0
"1329","TGTTACTTCCTTATGT",0,0,0,0,0,0
"1330","TGTTCATAGCTTCTAG",1,0,0,0,0,0
"1331","TGTTCATGTCCCGGTA",0,0,0,0,0,0
"1332","TGTTCCGCACTTGGGC",0,0,0,0,0,0
"1333","TGTTCCGGTTGGGCCT",7,2,0,0,0,0
"1334","TGTTCTATCTGTCCCA",2,0,0,0,0,0
"1335","TGTTGAGAGCATCCTA",0,0,0,0,0,0
"1336","TGTTGGATCAACTGGT",0,0,0,0,0,0
"1337","TGTTTGTGTTCAGGTT",0,0,0,0,0,0
"1338","TGTTTGTTCAGTCCGG",0,0,0,0,0,0
"1339","TGTTTGTTCTTACGTT",0,0,0,0,0,0
"1340","TTACCATCAGAGGCAT",0,0,0,0,0,0
"1341","TTACCGCCAGGAGGTT",0,0,0,0,0,0
"1342","TTACCGCTCAGTGGGA",0,0,0,0,0,0
"1343","TTACGCCAGCGATGGT",0,0,0,0,0,0
"1344","TTACGCCTCAGCGTCG",0,0,0,0,0,0
"1345","TTACGCCTCCTTATGT",0,0,0,0,0,0
"1346","TTACGTTAGACTCTTG",0,0,0,0,0,0
"1347","TTACGTTAGCGCCTTG",0,0,0,0,0,0
"1348","TTACGTTAGCTGCGAA",0,0,0,0,0,0
"1349","TTACGTTCAACCGCTG",0,0,0,0,0,0
"1350","TTACGTTGTGTTGAGG",0,0,0,0,0,0
"1351","TTACGTTTCCTGTAGA",0,0,0,0,0,0
"1352","TTACGTTTCTGCGGCA",0,0,0,0,0,0
"1353","TTACTGTAGGAACGCT",0,0,0,0,0,0
"1354","TTAGGCAAGCCTGCCA",0,0,0,0,0,0
"1355","TTAGGCACATAATGCC",0,0,0,0,0,0
"1356","TTAGGCATCCTGTAAG",0,0,0,0,0,0
"1357","TTAGGGTGTGGATGAC",0,0,0,0,0,0
"1358","TTAGGGTTCTGCTCTG",4,0,0,0,1,0
"1359","TTAGTCTAGCTGCGAA",0,0,0,0,0,0
"1360","TTAGTCTGTGTTTCTT",0,0,0,0,0,0
"1361","TTATTGCCAAGGCAAC",0,0,0,0,0,0
"1362","TTATTGCGTAGGACTG",0,0,0,0,0,0
"1363","TTCAATCTCTCAATCT",0,0,0,0,0,0
"1364","TTCACCGAGATAACGT",0,0,0,0,0,0
"1365","TTCACCGGTGTCATGT",0,0,0,0,0,0
"1366","TTCACGCAGCATTGAA",0,0,0,0,0,0
"1367","TTCAGGACAACACAAA",0,0,0,0,0,0
"1368","TTCATGTCATAATCGC",0,0,0,0,0,0
"1369","TTCATTGCAAAGCTAA",0,0,0,0,0,0
"1370","TTCATTGTCCGGTAGC",0,0,0,0,0,0
"1371","TTCATTGTCTCAACCC",0,0,0,0,0,0
"1372","TTCCAATGTGGTAATA",0,0,0,0,0,0
"1373","TTCCACGAGCCTATTG",0,0,0,0,0,0
"1374","TTCCGTGCACATACTG",0,0,0,0,0,0
"1375","TTCCGTGGTCGGAAAC",0,0,0,0,0,0
"1376","TTCCGTGTCAGCAGAG",0,0,0,0,0,0
"1377","TTCCTAACAAGACGGT",0,0,0,0,0,0
"1378","TTCCTAATCTTTGCTA",0,0,0,0,0,0
"1379","TTCCTCTGTGGAAGTC",0,0,0,0,0,0
"1380","TTCCTTCTCATACAGC",0,0,0,0,0,0
"1381","TTCGCTGGTGAGTTGG",0,0,0,0,0,0
"1382","TTCGCTGTCAATCCAG",0,0,0,0,0,0
"1383","TTCGGTCCACGTAGAG",0,0,0,0,0,0
"1384","TTCGGTCTCACCTTAT",0,0,0,0,0,0
"1385","TTCTAACAGGCTTAGG",0,0,0,0,0,0
"1386","TTCTAGTCAGTCAGTT",0,0,0,0,0,0
"1387","TTCTAGTGTAGAATGT",0,0,0,0,0,0
"1388","TTCTAGTGTGCCGTTG",0,0,0,0,0,0
"1389","TTCTAGTTCGGTCATA",0,0,0,0,0,0
"1390","TTCTCTCCACAGCCTG",0,0,0,0,0,0
"1391","TTCTGTATCGATTTCT",0,0,0,0,0,0
"1392","TTCTTCCGTAAGAACT",1,0,0,0,0,0
"1393","TTCTTGAGTCGCGTTG",3,0,0,0,0,0
"1394","TTCTTGAGTTCAAGGG",0,0,0,0,0,0
"1395","TTCTTGATCACCTGGG",0,0,0,0,0,0
"1396","TTGACCCCAGACGATG",0,0,0,0,0,0
"1397","TTGACCCGTACGATCT",0,0,0,0,0,0
"1398","TTGAGTGAGCTGAGCA",0,0,0,0,0,0
"1399","TTGATGGGTGACGCCT",0,0,0,0,0,0
"1400","TTGCATTAGAAGCTCG",0,0,0,0,0,0
"1401","TTGCATTCACAAACGG",0,0,0,0,0,0
"1402","TTGCATTTCTTCTGTA",0,0,0,0,0,0
"1403","TTGCGTCAGGAGTACC",0,0,0,0,0,0
"1404","TTGCTGCAGAATAACC",0,0,0,0,0,0
"1405","TTGCTGCAGTAATCCC",0,0,0,0,0,0
"1406","TTGCTGCCAACACTAC",0,0,0,0,0,0
"1407","TTGGATGTCGATTGGT",0,0,0,0,0,0
"1408","TTGGGATGTACGCGTC",4,3,0,0,1,0
"1409","TTGGGATGTCGCATCG",0,0,0,0,0,0
"1410","TTGGGATTCAACCTTT",0,0,0,0,0,0
"1411","TTGGGCGAGGGCTTCC",0,0,0,0,0,0
"1412","TTGGTTTGTGACCTGC",0,0,0,0,0,0
"1413","TTGTGGACAGCGTTTA",0,0,0,0,0,0
"1414","TTGTTCACACGGGTAA",0,0,0,0,0,0
"1415","TTGTTGTAGCCTATCA",0,0,0,0,0,0
"1416","TTGTTGTCAGGGACTA",0,0,0,0,0,0
"1417","TTGTTTGCACAGAGAC",0,0,0,0,0,0
"1418","TTGTTTGGTCAGGCAA",0,0,0,0,0,0
"1419","TTTACCAAGACATAGT",4,0,0,0,0,0
"1420","TTTACCACACAGTCAT",0,0,0,0,0,0
"1421","TTTACGTGTGGACCTC",0,0,0,0,0,0
"1422","TTTAGTCGTGATATAG",0,0,0,0,0,0
"1423","TTTAGTCTCTCCCAAC",0,0,0,0,0,0
"1424","TTTATGCCAGAGGCTA",0,0,0,0,0,0
"1425","TTTATGCTCTTCCTAA",0,0,0,0,0,0
"1426","TTTCACACAGCACACC",0,0,0,0,0,0
"1427","TTTCACAGTTGCACGC",0,0,0,0,0,0
"1428","TTTCACATCACGTAGT",0,0,0,0,0,0
"1429","TTTCACATCGACGACC",0,0,0,0,0,0
"1430","TTTCACATCTGTAAGC",0,0,0,0,0,0
"1431","TTTCAGTAGCTCCGAC",0,0,0,0,0,0
"1432","TTTCAGTTCACCTTGC",0,0,0,0,0,0
"1433","TTTCATGAGAGCAGTC",0,0,0,0,0,0
"1434","TTTCATGAGTAGTCAA",0,0,0,0,0,0
"1435","TTTCATGGTGAACCGA",0,0,0,0,0,0
"1436","TTTCCTCTCATAGAGA",0,0,0,0,0,0
"1437","TTTCGATCACACAGCC",0,0,0,0,0,0
"1438","TTTGACTAGGTAGCCA",0,0,0,0,0,0
"1439","TTTGACTTCATTCATC",0,0,0,0,0,0
"1440","TTTGATCAGATGACAT",0,0,0,0,0,0
"1441","TTTGATCAGGTGCTGA",0,0,0,0,0,0
"1442","TTTGATCGTAGGAGGG",0,0,0,0,0,0
"1443","TTTGGTTGTTCGTTCC",0,0,0,0,0,0
"1444","TTTGGTTTCCAAGCCG",0,0,0,0,0,0
